id,customer_id,address1,address2,address3,address4,zip_code
1,1,14225 Hancock Dr,Anchorage,Anchorage,AK,99515
2,2,2202 S Central Ave,Phoenix,Maricopa,AZ,85004
3,3,28 W 27th St,New York,New York,NY,10001
4,4,286 State St,Perth Amboy,Middlesex,NJ,8861
5,5,3131 N Nimitz Hwy  #-105,Honolulu,Honolulu,HI,96819
6,6,22661 S Frontage Rd,Channahon,Will,IL,60410
7,7,9617 N Metro Pky W,Phoenix,Maricopa,AZ,85051
8,8,7475 Hamilton Blvd,Trexlertown,Lehigh,PA,18087
9,9,815 S Glendora Ave,West Covina,Los Angeles,CA,91790
10,10,6220 S Orange Blossom Trl,Orlando,Orange,FL,32809
11,11,2552 Poplar Ave,Memphis,Shelby,TN,38112
12,12,343 Bush St Se,Salem,Marion,OR,97302
13,13,49 Roche Way,Youngstown,Mahoning,OH,44512
14,14,1650 S Harbor Blvd,Anaheim,Orange,CA,92802
15,15,110 Broadway St,San Antonio,Bexar,TX,78205
16,16,7000 Bass Lake Rd  #-200,Minneapolis,Hennepin,MN,55428
17,17,6715 Tippecanoe Rd,Canfield,Mahoning,OH,44406
18,18,1535 Hawkins Blvd,El Paso,El Paso,TX,79925
19,19,24907 Tibbitts Aven  #-b,Valencia,Los Angeles,CA,91355
20,20,3508 Leopard St,Corpus Christi,Nueces,TX,78408
21,21,286 State St,Perth Amboy,Middlesex,NJ,8861
22,22,1112 Se 1st St,Evansville,Vanderburgh,IN,47713
23,23,111 W 40th St,New York,New York,NY,10018
24,24,100 E Broad St,Columbus,Franklin,OH,43215
25,25,6030 Greenwood Plaza Blvd,Englewood,Arapahoe,CO,80111
26,26,100 Thanet Circ,Trenton,Mercer,NJ,8648
27,27,926 E Park Ave,Tallahassee,Leon,FL,32301
28,28,1722 White Horse Mercerville R,Trenton,Mercer,NJ,8619
29,29,3738 N Monroe St,Tallahassee,Leon,FL,32303
30,30,1005 Congress Ave,Austin,Travis,TX,78701
31,31,3 Northern Blvd,Amherst,Hillsborough,NH,3031
32,32,2810 Jacobs Ave,Eureka,Humboldt,CA,95501
33,33,200 California St,San Francisco,San Francisco,CA,94111
34,34,101 Royal St,Alexandria,Alexandria City,VA,22314
35,35,101 Us Highway 46,Fairfield,Essex,NJ,7004
36,36,303 N Indian Canyon Dr,Palm Springs,Riverside,CA,92262
37,37,645 Church St,Norfolk,Norfolk City,VA,23510
38,38,1102 Main St,Grandview,Jackson,MO,64030
39,39,1201 18th St,Denver,Denver,CO,80202
40,40,337 S North Lake Blvd,Altamonte Springs,Seminole,FL,32701
41,41,410 Front St,Brainerd,Crow Wing,MN,56401
42,42,1063 Fm Wzzw,Milton,Cabell,WV,25541
43,43,1092 Saint Georges Ave,Rahway,Union,NJ,7065
44,44,55 E 10th Ave,Eugene,Lane,OR,97401
45,45,628 Pacific Ave,Oxnard,Ventura,CA,93030
46,46,1160 Wccs,Homer City,Indiana,PA,15748
47,47,2135 11th St,Rockford,Winnebago,IL,61104
48,48,22343 Se Stark St,Gresham,Multnomah,OR,97030
49,49,2 Horizon Rd  #-2,Fort Lee,Bergen,NJ,7024
50,50,3437 N 12th Ave,Pensacola,Escambia,FL,32503
51,51,108 Washington St,Keokuk,Lee,IA,52632
52,52,13201 Northwest Fwy,Houston,Harris,TX,77040
53,53,700 W Highway 287,Lander,Fremont,WY,82520
54,54,2255 Kuhio Ave  #-1203,Honolulu,Honolulu,HI,96815
55,55,Kahala,Honolulu,Honolulu,HI,96816
56,56,Pearlridge,Aiea,Honolulu,HI,96701
57,57,Windward,Kaneohe,Honolulu,HI,96744
58,58,1418 3rd Ave,New York,New York,NY,10028
59,59,104 N Aurora St,Ithaca,Tompkins,NY,14850
60,60,280 N Midland Ave,Saddle Brook,Bergen,NJ,7663
61,61,4685 Ne 14th St,Des Moines,Polk,IA,50313
62,62,1180 Dora Hwy,Pulaski,Pulaski,VA,24301
63,63,303 W 15th St,Austin,Travis,TX,78701
64,64,3918 16th Ave,Brooklyn,Kings,NY,11218
65,65,307 E President St,Savannah,Chatham,GA,31401
66,66,1700 Street Rd,Warrington,Bucks,PA,18976
67,67,1740 House,Lumberville,Bucks,PA,18933
68,68,Rt 16,North Conway,Carroll,NH,3860
69,69,34 W 17th St,New York,New York,NY,10011
70,70,1275 County Road 210 W,Jacksonville,Saint Johns,FL,32259
71,71,401 S Main St,Greensburg,Westmoreland,PA,15601
72,72,1801 West Ave S,La Crosse,La Crosse,WI,54601
73,73,44 N Main St,Wolfeboro,Carroll,NH,3894
74,74,1822 Spring Garden St,Philadelphia,Philadelphia,PA,19130
75,75,2401 Cleveland Rd W,Huron,Erie,OH,44839
76,76,406 Ne 3rd St,McMinnville,Yamhill,OR,97128
77,77,1745 W 18th Ave,Eugene,Lane,OR,97402
78,78,221 Main,Park City,Summit,UT,84060
79,79,1919 Connecticut Ave Nw,Washington,District of Columbia,DC,20009
80,80,3730 Fm,Houston,Harris,TX,77068
81,81,2308 Bienville Blvd,Ocean Springs,Jackson,MS,39564
82,82,1810 N King St,Honolulu,Honolulu,HI,96819
83,83,50 Spring St  #-1,Cresskill,Bergen,NJ,7626
84,84,3540 S 84th St,Omaha,Douglas,NE,68124
85,85,1810 Pioneer Ave,Cheyenne,Laramie,WY,82001
86,86,4018 W Clearwater Ave,Kennewick,Benton,WA,99336
87,87,3043 Ridge Rd,Lansing,Cook,IL,60438
88,88,7828 N 19th Ave,Phoenix,Maricopa,AZ,85021
89,89,611 1st Ave N,Humboldt,Humboldt,IA,50548
90,90,300 E Phillips St,Richardson,Dallas,TX,75081
91,91,615 W Markham St,Little Rock,Pulaski,AR,72201
92,92,64 Dyerville Ave,Johnston,Providence,RI,2919
93,93,550 N Brand Blvd  #-800,Glendale,Los Angeles,CA,91203
94,94,550 N Edward St,Decatur,Macon,IL,62522
95,95,218 W Main St,Sparta,Monroe,WI,54656
96,96,103 Main St,Ridgefield,Fairfield,CT,6877
97,97,979 3rd Ave,New York,New York,NY,10022
98,98,100 W 25th Ave,San Mateo,San Mateo,CA,94403
99,99,102 5th St N,Clanton,Chilton,AL,35045
100,100,1 First Federal Plz,Rochester,Monroe,NY,14614
101,101,22 James St,Middletown,Orange,NY,10940
102,102,131 Rimbach St,Hammond,Lake,IN,46320
103,103,201 N Main St,Anderson,Anderson,SC,29621
104,104,12 E Broad St,Hazleton,Luzerne,PA,18201
105,105,5 E Main,Centerburg,Knox,OH,43011
106,106,135 E Liberty St,Wooster,Wayne,OH,44691
107,107,330 Route 211 E,Middletown,Orange,NY,10940
108,108,415 Center St,Ironton,Lawrence,OH,45638
109,109,101 W Central Blvd,Kewanee,Henry,IL,61443
110,110,222 S 10th St,Oakdale,Allen,LA,71463
111,111,100 S 2nd Ave,Alpena,Alpena,MI,49707
112,112,851 Fort Street Mall,Honolulu,Honolulu,HI,96813
113,113,275 W Bridge St,New Hope,Bucks,PA,18938
114,114,126 S Bellevue Ave,Langhorne,Bucks,PA,19047
115,115,118 Mill St,Bristol,Bucks,PA,19007
116,116,Rts 232 & 413,Newtown,Bucks,PA,18940
117,117,737 Levittown Ctr,Levittown,Bucks,PA,19055
118,118,16 Highland Park Way,Levittown,Bucks,PA,19056
119,119,237 Jackson St Sw,Camden,Ouachita,AR,71701
120,120,1400 Gault Ave N,Fort Payne,De Kalb,AL,35967
121,121,404 Main St,Delta,Fulton,OH,43515
122,122,140 N Columbus St,Galion,Crawford,OH,44833
123,123,25 E High St,Waynesburg,Greene,PA,15370
124,124,3721 Oberlin Ave,Lorain,Lorain,OH,44053
125,125,532 Court St,Pekin,Tazewell,IL,61554
126,126,511 Saint Johns Ave,Palatka,Putnam,FL,32177
127,127,185 E Market St,Warren,Trumbull,OH,44481
128,128,2121 S Mannheim Rd,Westchester,Cook,IL,60154
129,129,118 Ne 3rd St,McMinnville,Yamhill,OR,97128
130,130,300 Hampton St,Walterboro,Colleton,SC,29488
131,131,301 N Pine St,Creston,Union,IA,50801
132,132,211 N Main St,Leitchfield,Grayson,KY,42754
133,133,4565 Harrison St,Hillside,Cook,IL,60162
134,134,1965 Wakefield Ave,Petersburg,Petersburg City,VA,23805
135,135,Capitol Ave,Corydon,Harrison,IN,47112
136,136,300 Orlando Dr,Raritan,Somerset,NJ,8869
137,137,207 Yukon,Tampa,Hillsborough,FL,33604
138,138,3112 W Kennedy Blvd,Tampa,Hillsborough,FL,33609
139,139,7 W Darlington Ave,Kissimmee,Osceola,FL,34741
140,140,1001 Bishop St  #-2850,Honolulu,Honolulu,HI,96813
141,141,300 Broadacres Dr,Bloomfield,Essex,NJ,7003
142,142,30 Highland Ave,Warwick,Orange,NY,10990
143,143,110 S La Brea Ave  #-22,Inglewood,Los Angeles,CA,90301
144,144,1369 W Redondo Beach Blvd,Gardena,Los Angeles,CA,90247
145,145,323 N Gilbert St,Danville,Vermilion,IL,61832
146,146,14500 Lakeside Cir,Sterling Heights,Macomb,MI,48313
147,147,1 Summit Ct,Fishkill,Dutchess,NY,12524
148,148,535 Ward Ave  #-204,Honolulu,Honolulu,HI,96814
149,149,6401 N Lincoln Ave,Chicago,Cook,IL,60645
150,150,361 Park Ave,Scotch Plains,Union,NJ,7076
151,151,135 Main St,San Francisco,San Francisco,CA,94105
152,152,State,Newtown,Bucks,PA,18940
153,153,227 Commercial St,Provincetown,Barnstable,MA,2657
154,154,153 Baltimore St,Cumberland,Allegany,MD,21502
155,155,2 Ridgedale Ave,Cedar Knolls,Morris,NJ,7927
156,156,99185 Moanalua Rd  #-101,Aiea,Honolulu,HI,96701
157,157,736 N Mills Ave,Orlando,Orange,FL,32803
158,158,126 S Main St,Clyde,Sandusky,OH,43410
159,159,395 Revilo Ave,Shirley,Suffolk,NY,11967
160,160,1900 L St Nw,Washington,District of Columbia,DC,20036
161,161,12914 Old Stage Rd,Chester,Chesterfield,VA,23831
162,162,1019 Shadick Dr,Orange City,Volusia,FL,32763
163,163,2211 Us Highway 19,Holiday,Pasco,FL,34691
164,164,320 W Mclane St,Osceola,Clarke,IA,50213
165,165,20 Montana Ave,Laurel,Yellowstone,MT,59044
166,166,936 N Western Ave,Chicago,Cook,IL,60622
167,167,2725 W Mcdowell Rd,Phoenix,Maricopa,AZ,85009
168,168,115 E Church St,Elberton,Elbert,GA,30635
169,169,1636 E 1st Ave,Anchorage,Anchorage,AK,99501
170,170,5020 Germantown Ave,Philadelphia,Philadelphia,PA,19144
171,171,475 E 162nd St,South Holland,Cook,IL,60473
172,172,200 Valley Dr,Brisbane,San Mateo,CA,94005
173,173,980 N Federal Hwy,Boca Raton,Palm Beach,FL,33432
174,174,6801 Lake Worth Rd,Lake Worth,Palm Beach,FL,33467
175,175,6920 Santa Teresa Blvd,San Jose,Santa Clara,CA,95119
176,176,408 Main St,Springfield,Sarpy,NE,68059
177,177,801 W 5th St,Fort Worth,Tarrant,TX,76102
178,178,2302 Artesia Blvd,Redondo Beach,Los Angeles,CA,90278
179,179,1000 Nw 105th St,Oklahoma City,Oklahoma,OK,73114
180,180,1620 Folsom St,San Francisco,San Francisco,CA,94103
181,181,1426 5th Pl Nw,Rochester,Olmsted,MN,55901
182,182,897 Independence Ave,Mountain View,Santa Clara,CA,94043
183,183,50 Aviation Way,Watsonville,Santa Cruz,CA,95076
184,184,904 N Lake St,Burbank,Los Angeles,CA,91502
185,185,1049 S Mccord Rd,Holland,Lucas,OH,43528
186,186,3420 E Flamingo Rd,Las Vegas,Clark,NV,89121
187,187,1280 Price Ave,Pomona,Los Angeles,CA,91767
188,188,5430 Alpha Rd,Dallas,Dallas,TX,75240
189,189,31 S Grove St,East Aurora,Erie,NY,14052
190,190,100 Mbc Dr,Shawano,Shawano,WI,54166
191,191,7895 S Cessna Ave,Gaithersburg,Montgomery,MD,20879
192,192,2350 Duke St,Alexandria,Alexandria City,VA,22314
193,193,2303 21st Ave S,Nashville,Davidson,TN,37212
194,194,1062 Folsom St,San Francisco,San Francisco,CA,94103
195,195,1062 Folsom St,San Francisco,San Francisco,CA,94103
196,196,1828 Jefferson Pl Nw,Washington,District of Columbia,DC,20036
197,197,200 E Delawr Pl,Chicago,Cook,IL,60611
198,198,200 W South St,Charlottesville,Charlottesville City,VA,22902
199,199,2000 Linwood Ave,Fort Lee,Bergen,NJ,7024
200,200,1797 Lakewood Ter Se,Atlanta,Fulton,GA,30315
201,201,201 E Pine St,Orlando,Orange,FL,32801
202,202,5605 Ne 105th Ave,Portland,Multnomah,OR,97220
203,203,1348 Liberty Pike,Franklin,Williamson,TN,37067
204,204,1818 E Atlantic St,Philadelphia,Philadelphia,PA,19134
205,205,6301 Owensmouth Ave,Woodland Hills,Los Angeles,CA,91367
206,206,201 Electronics Blvd Sw,Huntsville,Madison,AL,35824
207,207,985 Parker Ct,Santa Clara,Santa Clara,CA,95050
208,208,2000 E Jefferson St,Phoenix,Maricopa,AZ,85034
209,209,1119 Wheeler Ave,Scranton,Lackawanna,PA,18510
210,210,2100 Linwood Ave,Fort Lee,Bergen,NJ,7024
211,211,2505 Congress St,San Diego,San Diego,CA,92110
212,212,1312 W Lincoln Ave,Olivia,Renville,MN,56277
213,213,2809 Granny White Pike,Nashville,Davidson,TN,37204
214,214,1400 N Woodward Ave,Bloomfield Hills,Oakland,MI,48304
215,215,100 E 85th St,New York,New York,NY,10028
216,216,4024 Merchant Rd,Fort Wayne,Allen,IN,46818
217,217,92 Argonaut  #-270,Aliso Viejo,Orange,CA,92656
218,218,4915 Industrial Way,Coeur d Alene,Kootenai,ID,83814
219,219,207 N Main St,Hutchins,Dallas,TX,75141
220,220,2375 3rd St,Riverside,Riverside,CA,92507
221,221,2222 Santa Monica Blvd,Santa Monica,Los Angeles,CA,90404
222,222,235 W Main St,Charlottesville,Charlottesville City,VA,22902
223,223,370 34th St St,Saint Petersburg,Pinellas,FL,33711
224,224,6585 Commerce Blvd,Rohnert Park,Sonoma,CA,94928
225,225,24800 Rockside Rd,Bedford,Cuyahoga,OH,44146
226,226,Rte 6 & 209,Matamoras,Pike,PA,18336
227,227,150 Sawkill Ave,Milford,Pike,PA,18337
228,228,3001 Geary Blvd,San Francisco,San Francisco,CA,94118
229,229,509 W 4th Ave,Anchorage,Anchorage,AK,99501
230,230,2405 Grand Blvd,Kansas City,Jackson,MO,64108
231,231,321 Palmer Rd,Denville,Morris,NJ,7834
232,232,12500 Ne 10th Pl,Bellevue,King,WA,98005
233,233,1219 Pine Ave,Orlando,Orange,FL,32824
234,234,3960 W 26th St,Chicago,Cook,IL,60623
235,235,40 E Mcmicken Ave,Cincinnati,Hamilton,OH,45210
236,236,935 S 2nd St,Plainfield,Union,NJ,7063
237,237,1049 Lakloey Dr,North Pole,Fairbanks North Star,AK,99705
238,238,921 Sw Washington St  #-321,Portland,Multnomah,OR,97205
239,239,1008 S San Pedro St,Los Angeles,Los Angeles,CA,90015
240,240,Box #-37223,El Paso,El Paso,TX,79937
241,241,3 B Floor Care & Hskpg Svc,Catawissa,Columbia,PA,17820
242,242,7949 E Acoma Dr,Scottsdale,Maricopa,AZ,85260
243,243,1035 N Mcqueen Rd  #-133,Gilbert,Maricopa,AZ,85233
244,244,112 W Plum,Doniphan,Hall,NE,68832
245,245,106 Erie St,Hutchinson,McLeod,MN,55350
246,246,6086 N Lyons Rd,Burlington,Racine,WI,53105
247,247,6312 S Yellowstone Hwy,Idaho Falls,Bonneville,ID,83402
248,248,106 Erie St,Hutchinson,McLeod,MN,55350
249,249,15542 Chemical Ln,Huntington Beach,Orange,CA,92649
250,250,1900 W Loop S  #-600,Houston,Harris,TX,77027
251,251,2078 Foster Ave,Wheeling,Cook,IL,60090
252,252,1370 S Bertelsen Rd,Eugene,Lane,OR,97402
253,253,13026 S Normandie Ave,Gardena,Los Angeles,CA,90249
254,254,23352 El Toro Rd,Lake Forest,Orange,CA,92630
255,255,833 E Allegheny Ave,Philadelphia,Philadelphia,PA,19134
256,256,Box #-851,Woodland Hills,Los Angeles,CA,91365
257,257,154 Main St,Upton,Worcester,MA,1568
258,258,3260 W New Haven Ave,Melbourne,Brevard,FL,32904
259,259,1110 25th Ave N,Fargo,Cass,ND,58102
260,260,3763 Scripps Dr,Las Vegas,Clark,NV,89103
261,261,255 Industrial Dr,Franklin,Warren,OH,45005
262,262,1900 W Loop S,Houston,Harris,TX,77027
263,263,975 Flynn Rd,Camarillo,Ventura,CA,93012
264,264,850 Glen Ave,Moorestown,Burlington,NJ,8057
265,265,4508 Enterprise St,Fremont,Alameda,CA,94538
266,266,4508 Enterprise St,Fremont,Alameda,CA,94538
267,267,151 Brown St  #-b,Lawrenceburg,Dearborn,IN,47025
268,268,7846 Clybourn Ave,Sun Valley,Los Angeles,CA,91352
269,269,6747 Signat Dr,Houston,Harris,TX,77041
270,270,35375 Highway 228,Brownsville,Linn,OR,97327
271,271,11551 Riverpark Way,Chesterfield,Chesterfield,VA,23838
272,272,2550 E Lucas Dr,Beaumont,Jefferson,TX,77703
273,273,1425 Koll Cir  #-107,San Jose,Santa Clara,CA,95112
274,274,6023 Garfield Ave,Los Angeles,Los Angeles,CA,90040
275,275,1200 Shreveport Barksdale Hwy,Shreveport,Caddo,LA,71105
276,276,200 Broadhollow Rd,Melville,Suffolk,NY,11747
277,277,23405 Sw 152nd Ct,Homestead,Miami-Dade,FL,33032
278,278,333 Andrew Ave,Salt Lake City,Salt Lake,UT,84115
279,279,1765 Sw Highway 97,Madras,Jefferson,OR,97741
280,280,118 Lenzner Ct,Sewickley,Allegheny,PA,15143
281,281,1800 Pine Run Rd,Wilkes Barre,Luzerne,PA,18702
282,282,2017 W Jackson St,Tupelo,Lee,MS,38801
283,283,45 Church St,Stamford,Fairfield,CT,6906
284,284,432 Lignite Ave,Fairbanks,Fairbanks North Star,AK,99701
285,285,827 E 10th Ave,Anchorage,Anchorage,AK,99501
286,286,3030 Bridgeway,Sausalito,Marin,CA,94965
287,287,582 Centerville Rd,Lancaster,Lancaster,PA,17601
288,288,215 E Pikes Peak Ave,Colorado Springs,El Paso,CO,80903
289,289,22140 Ventura Blvd  #-4,Woodland Hills,Los Angeles,CA,91364
290,290,1000 Monte Sano Blvd Se,Huntsville,Madison,AL,35801
291,291,3100 Dodge St,Dubuque,Dubuque,IA,52003
292,292,610 W Main St,Batavia,Clermont,OH,45103
293,293,2575 State Highway 32,Chico,Butte,CA,95973
294,294,711 Park Ave,Freehold,Monmouth,NJ,7728
295,295,330 S Ocean Blvd,Palm Beach,Palm Beach,FL,33480
296,296,342 Seaside Ave,Honolulu,Honolulu,HI,96815
297,297,1135 Kildaire Farm Rd,Cary,Wake,NC,27511
298,298,1110 N Highway 360,Grand Prairie,Dallas,TX,75050
299,299,5321 Sterling Center Dr,Westlake Village,Ventura,CA,91361
300,300,3700 Campus Dr,Newport Beach,Orange,CA,92660
301,301,711 W 38th St,Austin,Travis,TX,78705
302,302,66 Flint St,Asheville,Buncombe,NC,28801
303,303,1006 S San Pedro St,Los Angeles,Los Angeles,CA,90015
304,304,2280 S Xanadu Way  #-300,Aurora,Arapahoe,CO,80014
305,305,125 N Emporia St,Wichita,Sedgwick,KS,67202
306,306,200 Cottontail Ln,Somerset,Somerset,NJ,8873
307,307,43 Parmenter Rd,Hudson,Middlesex,MA,1749
308,308,112 E Pecan St,San Antonio,Bexar,TX,78205
309,309,3963 Virginia Ave,Cincinnati,Hamilton,OH,45227
310,310,1224 S Hope St,Los Angeles,Los Angeles,CA,90015
311,311,6850 S Harlem Ave,Summit Argo,Cook,IL,60501
312,312,15 Henderson Dr,Caldwell,Essex,NJ,7006
313,313,19901 Nordhoff St,Northridge,Los Angeles,CA,91324
314,314,1601 S Shamrock Ave,Monrovia,Los Angeles,CA,91016
315,315,3m County,Belle Mead,Somerset,NJ,8502
316,316,6850 S Harlem Ave,Summit Argo,Cook,IL,60501
317,317,1015 N Cahuenga Blvd,Los Angeles,Los Angeles,CA,90038
318,318,2601 Summerhill Rd,Texarkana,Bowie,TX,75503
319,319,130 Wyoming Ave,Scranton,Lackawanna,PA,18503
320,320,550 N Brand Blvd  #-1940,Glendale,Los Angeles,CA,91203
321,321,305 W Washington St,Brainerd,Crow Wing,MN,56401
322,322,33 Harrison Ave,Boston,Suffolk,MA,2111
323,323,5830 Downing St  #-d,Denver,Denver,CO,80216
324,324,670 S Barrington Rd,Streamwood,Cook,IL,60107
325,325,670 S Barrington Rd,Streamwood,Cook,IL,60107
326,326,580 Fountain Ave,Brooklyn,Kings,NY,11208
327,327,2103 W Main St,Farmington,San Juan,NM,87401
328,328,4354 Highway 64,Kirtland,San Juan,NM,87417
329,329,22 Mill St,Paterson,Passaic,NJ,7501
330,330,305 Griffin Ave Sw,Eastman,Dodge,GA,31023
331,331,3333 Se 21st St,Topeka,Shawnee,KS,66607
332,332,1515 Wyoming St,Missoula,Missoula,MT,59801
333,333,1515 Wyoming St,Missoula,Missoula,MT,59801
334,334,1515 Wyoming St,Missoula,Missoula,MT,59801
335,335,404 W Boonville New Harmony Rd,Evansville,Vanderburgh,IN,47711
336,336,490 S Broad St,Canfield,Mahoning,OH,44406
337,337,246 Griffing Ave,Riverhead,Suffolk,NY,11901
338,338,5485 Conestoga Ct,Boulder,Boulder,CO,80301
339,339,2320 W Louise Dr,Phoenix,Maricopa,AZ,85027
340,340,4694 Alvarado Canyon Rd  #-f,San Diego,San Diego,CA,92120
341,341,4251 Glenwood Ave,Youngstown,Mahoning,OH,44512
342,342,9100 F St,Omaha,Douglas,NE,68127
343,343,Hwy 8e E,Mena,Polk,AR,71953
344,344,4013 Cameron St  #-b,Lafayette,Lafayette,LA,70506
345,345,8387 University Ave,La Mesa,San Diego,CA,91941
346,346,5921 S Middlefield Rd,Littleton,Jefferson,CO,80123
347,347,1003 Northern Blvd,Manhasset,Nassau,NY,11030
348,348,585 Bedford Rd,Bedford Hills,Westchester,NY,10507
349,349,Bus Rt 54 & Hh,Lake Ozark,Camden,MO,65049
350,350,2470 Lamington Rd,Bedminster,Somerset,NJ,7921
351,351,221 S Kerr Ave,Wilmington,New Hanover,NC,28403
352,352,106 S 4th St,Forest City,Winnebago,IA,50436
353,353,1647 E Palmdale Blvd,Palmdale,Los Angeles,CA,93550
354,354,2900 Ford Rd,Bristol,Bucks,PA,19007
355,355,506 Kellogg Ave,Ames,Story,IA,50010
356,356,1002 S Treadaway Blvd,Abilene,Taylor,TX,79602
357,357,4 Trvl Svc Carlson Trvl Ways,Twin Falls,Twin Falls,ID,83301
358,358,2181 Harlem Rd,Loves Park,Winnebago,IL,61111
359,359,7210 Gateway Blvd E,El Paso,El Paso,TX,79915
360,360,3530 E Washington St,Phoenix,Maricopa,AZ,85034
361,361,1700 Terminal St,West Sacramento,Yolo,CA,95691
362,362,11796 Sheldon St,Sun Valley,Los Angeles,CA,91352
363,363,15 Park Row,New York,New York,NY,10038
364,364,400 1st St Nw,Washington,District of Columbia,DC,20001
365,365,411 E Wisconsin Ave,Milwaukee,Milwaukee,WI,53202
366,366,933 Wiliwili St,Honolulu,Honolulu,HI,96826
367,367,444 Nahua St,Honolulu,Honolulu,HI,96815
368,368,4011 Wallingford Ave N,Seattle,King,WA,98103
369,369,463 Beacon St,Boston,Suffolk,MA,2115
370,370,814 Blue Mound Rd,Fort Worth,Tarrant,TX,76131
371,371,4820 E Mcdowell Rd  #-300,Phoenix,Maricopa,AZ,85008
372,372,Box #-1948,Jackson,Teton,WY,83001
373,373,11796 Sheldon St,Sun Valley,Los Angeles,CA,91352
374,374,7565 Green Valley Rd,Placerville,El Dorado,CA,95667
375,375,10175 Joerschke Dr,Grass Valley,Nevada,CA,95945
376,376,2701 E Thomas Rd  #-j,Phoenix,Maricopa,AZ,85016
377,377,435 Mira Vista Ter,Pasadena,Los Angeles,CA,91105
378,378,10 Rogers St,Cambridge,Middlesex,MA,2142
379,379,1150 Nw 72nd Ave  #-333,Miami,Miami-Dade,FL,33126
380,380,1525 E 53rd St,Chicago,Cook,IL,60615
381,381,2800 4th St N,Saint Petersburg,Pinellas,FL,33704
382,382,964 E Saint Francis St,Brownsville,Cameron,TX,78520
383,383,2659 Webster Ave,Bronx,Bronx,NY,10458
384,384,264 Broadway,Jersey City,Hudson,NJ,7306
385,385,577 Township Road  #-30s,Ada,Hardin,OH,45810
386,386,321 Watson St,Ripon,Fond du Lac,WI,54971
387,387,2910 E La Cresta Ave,Anaheim,Orange,CA,92806
388,388,2640 Junction Hwy,Kerrville,Kerr,TX,78028
389,389,5201 Hanawalt Dr,El Paso,El Paso,TX,79903
390,390,5603 Arapahoe Ave,Boulder,Boulder,CO,80303
391,391,104 North St,Stamford,Fairfield,CT,6902
392,392,221 E 59th St,New York,New York,NY,10022
393,393,800 E Dimond Blvd,Anchorage,Anchorage,AK,99515
394,394,4600 S 1st St,Abilene,Taylor,TX,79605
395,395,8250 Tyler Blvd,Mentor,Lake,OH,44060
396,396,39 W 21st St,Northampton,Northampton,PA,18067
397,397,501 N I  #-h35,Austin,Travis,TX,78702
398,398,248 Libby St,Honolulu,Honolulu,HI,96819
399,399,279 Puuhale Rd,Honolulu,Honolulu,HI,96819
400,400,91246 Oihana St,Kapolei,Honolulu,HI,96707
401,401,94210 Pupukahi St  #-201a,Waipahu,Honolulu,HI,96797
402,402,211 E 50th St,New York,New York,NY,10022
403,403,5150 Town Center Cir,Boca Raton,Palm Beach,FL,33486
404,404,521 5th Ave,New York,New York,NY,10175
405,405,200 Stuart St,Boston,Suffolk,MA,2116
406,406,Tilton Rd,Danville,Vermilion,IL,61832
407,407,4300 N Miller Rd  #-143,Scottsdale,Maricopa,AZ,85251
408,408,1801 E 5th Ave,Anchorage,Anchorage,AK,99501
409,409,117 Martin Luther King Jr Dr S,Atlanta,Fulton,GA,30303
410,410,480 W Pearl Ave,Jackson,Teton,WY,83001
411,411,14651 Dallas Pky,Dallas,Dallas,TX,75240
412,412,13456 Se 27th Pl,Bellevue,King,WA,98005
413,413,77 S Washington St  #-207,Rockville,Montgomery,MD,20850
414,414,8253 Ronson Rd,San Diego,San Diego,CA,92111
415,415,Rt 20,Westfield,Hampden,MA,1085
416,416,8300 Bell Ter,Newburgh,Warrick,IN,47630
417,417,60 Minute Photo Colormax,Evansville,Vanderburgh,IN,47715
418,418,501 N Weinbach Ave,Evansville,Vanderburgh,IN,47711
419,419,590 N 2nd E,Mountain Home,Elmore,ID,83647
420,420,2929 W Kennewick Ave,Kennewick,Benton,WA,99336
421,421,600 Las Colinas Blvd E,Irving,Dallas,TX,75039
422,422,1301 Dublin Rd,Columbus,Franklin,OH,43215
423,423,2080 Peachtree Industrial Ct,Atlanta,Dekalb,GA,30341
424,424,64 W Convenient,Apex,Wake,NC,27502
425,425,501 S Johnstone Ave,Bartlesville,Washington,OK,74003
426,426,680 Country W,Sylva,Jackson,NC,28779
427,427,1 Palmer Sq,Princeton,Mercer,NJ,8542
428,428,6858 S Ashland Ave,Chicago,Cook,IL,60636
429,429,145 W 6th Ave,Anchorage,Anchorage,AK,99501
430,430,45 W 46th St,New York,New York,NY,10036
431,431,2318 N Galloway Ave,Mesquite,Dallas,TX,75150
432,432,W 1st St,East Liverpool,Columbiana,OH,43920
433,433,Box #-4038,Modesto,Stanislaus,CA,95352
434,434,1350 Campus Pky,Neptune,Monmouth,NJ,7753
435,435,1800 Airport Way,Fairbanks,Fairbanks North Star,AK,99701
436,436,2301 S Cushman St,Fairbanks,Fairbanks North Star,AK,99701
437,437,2110 Peger Rd,Fairbanks,Fairbanks North Star,AK,99709
438,438,3679 College Rd,Fairbanks,Fairbanks North Star,AK,99709
439,439,5300 Shawnee Rd,Alexandria,Fairfax,VA,22312
440,440,6927 Old Seward Hwy,Anchorage,Anchorage,AK,99518
441,441,52 S 2nd St,Easton,Northampton,PA,18042
442,442,21603 Devonshire St,Chatsworth,Los Angeles,CA,91311
443,443,905 Brooks Ave,Holland,Ottawa,MI,49423
444,444,2101 Claremont Ave Ne,Albuquerque,Bernalillo,NM,87107
445,445,3220 E 26th St,Los Angeles,Los Angeles,CA,90023
446,446,5770 Morehouse Dr,San Diego,San Diego,CA,92121
447,447,1166 Arroyo St,San Fernando,Los Angeles,CA,91340
448,448,2770 Walden Ave,Buffalo,Erie,NY,14225
449,449,3 E 4th St,Cincinnati,Hamilton,OH,45202
450,450,701 S 17th St,Philadelphia,Philadelphia,PA,19146
451,451,710 S Illinois Ave,Carbondale,Jackson,IL,62901
452,452,2457 Perkiomen Ave,Reading,Berks,PA,19606
453,453,1727 Nw 79th Ave,Miami,Miami-Dade,FL,33126
454,454,78 Faunce Corner Rd,North Dartmouth,Bristol,MA,2747
455,455,2500 Maitland Center Pky,Maitland,Orange,FL,32751
456,456,1119 N Bodine St,Philadelphia,Philadelphia,PA,19123
457,457,76 Mall Comp,Branson,Taney,MO,65616
458,458,305 E 47th St,New York,New York,NY,10017
459,459,1716 Rt 77,Attica,Wyoming,NY,14011
460,460,77 W Huron St,Chicago,Cook,IL,60610
461,461,210 W 79th St,Chicago,Cook,IL,60620
462,462,12 E 7th Ave,York,York,PA,17404
463,463,2877 E Florence Ave,Huntington Park,Los Angeles,CA,90255
464,464,85 Long Island Expy,New Hyde Park,Nassau,NY,11040
465,465,2865 Poplar Ave,Memphis,Shelby,TN,38111
466,466,825 W Main Ave,Brewster,Okanogan,WA,98812
467,467,2000 W 120th Ave,Denver,Adams,CO,80234
468,468,829 S 14th St,Fernandina Beach,Nassau,FL,32034
469,469,1201 34th St N,Saint Petersburg,Pinellas,FL,33713
470,470,8 Inn Of Americus,Americus,Sumter,GA,31709
471,471,7677 Engineer Rd,San Diego,San Diego,CA,92111
472,472,834 Lois Dr,Williamstown,Gloucester,NJ,8094
473,473,342 Wolverine Way,Sparks,Washoe,NV,89431
474,474,Blanco Rd,San Antonio,Bexar,TX,78216
475,475,8750 W Bryn Mawr Ave,Chicago,Cook,IL,60631
476,476,385 Prospect Ave,Hackensack,Bergen,NJ,7601
477,477,2750 Springboro Rd,Dayton,Montgomery,OH,45439
478,478,1808 2nd,Cheney,Spokane,WA,99004
479,479,500 Sw Loop  #-820,Fort Worth,Tarrant,TX,76115
480,480,222 Delaware Ave,Wilmington,New Castle,DE,19801
481,481,315 Us Rt 1,Fairless Hills,Bucks,PA,19030
482,482,310 Ridge Rd,Claymont,New Castle,DE,19703
483,483,30 Matthews Rd,Malvern,Chester,PA,19355
484,484,Route 519,Eighty Four,Washington,PA,15330
485,485,State Hwy  #-31,Pennington,Mercer,NJ,8534
486,486,85 S Beachview Dr,Jekyll Island,Glynn,GA,31527
487,487,8700 E Pinnacle Peak Rd,Scottsdale,Maricopa,AZ,85255
488,488,120 Tustin Ave,Newport Beach,Orange,CA,92663
489,489,2053 Lemoine Ave,Fort Lee,Bergen,NJ,7024
490,490,536 Grand Ave,Schofield,Marathon,WI,54476
491,491,630 W 8th Ave,Anchorage,Anchorage,AK,99501
492,492,136 S Riverside Ave,Rialto,San Bernardino,CA,92376
493,493,700 Sw Higgins Ave,Missoula,Missoula,MT,59803
494,494,614 W Superior Ave,Cleveland,Cuyahoga,OH,44113
495,495,9 5officce Product Cent,Arlington,Tarrant,TX,76012
496,496,1805 Kings Hwy,Brooklyn,Kings,NY,11229
497,497,16133 Ventura Blvd  #-700,Encino,Los Angeles,CA,91436
498,498,136 S Riverside Ave,Rialto,San Bernardino,CA,92376
499,499,90 Hackensack St,East Rutherford,Bergen,NJ,7073
500,500,7700 N Council Rd,Oklahoma City,Oklahoma,OK,73132