company,address,city,county,state,zip,fax,web
Litronic Industries,14225 Hancock Dr,Anchorage,Anchorage,AK,99515,907-345-1215,http://www.essievaill.com
Meridian Products,2202 S Central Ave,Phoenix,Maricopa,AZ,85004,602-252-4009,http://www.cruzroudabush.com
D & M Plywood Inc,28 W 27th St,New York,New York,NY,10001,212-889-5764,http://www.billietinnes.com
Metropolitan Elevator Co,286 State St,Perth Amboy,Middlesex,NJ,8861,732-442-5218,http://www.zackarymockus.com
Technology Services,3131 N Nimitz Hwy  #-105,Honolulu,Honolulu,HI,96819,808-836-6008,http://www.rosemariefifield.com
Century 21 Keewaydin Prop,22661 S Frontage Rd,Channahon,Will,IL,60410,815-467-1244,http://www.bernardlaboy.com
Kim Peacock Beringhause,9617 N Metro Pky W,Phoenix,Maricopa,AZ,85051,602-953-0355,http://www.suehaakinson.com
Sea Port Record One Stop Inc,7475 Hamilton Blvd,Trexlertown,Lehigh,PA,18087,610-395-6995,http://www.valeriepou.com
Kpff Consulting Engineers,815 S Glendora Ave,West Covina,Los Angeles,CA,91790,626-960-1503,http://www.lashawnhasty.com
Albers Technologies Corp,6220 S Orange Blossom Trl,Orlando,Orange,FL,32809,407-857-2506,http://www.marianneearman.com
"Uchner, David D Esq",2552 Poplar Ave,Memphis,Shelby,TN,38112,901-327-2911,http://www.justinadragaj.com
Southern Vermont Surveys,343 Bush St Se,Salem,Marion,OR,97302,503-371-1118,http://www.mandymcdonnell.com
"Kahler, Karen T Esq",49 Roche Way,Youngstown,Mahoning,OH,44512,330-758-3536,http://www.conradlanfear.com
National Paper & Envelope Corp,1650 S Harbor Blvd,Anaheim,Orange,CA,92802,714-772-3859,http://www.cyrilbehen.com
"Norton, Robert L Esq",110 Broadway St,San Antonio,Bexar,TX,78205,210-229-9757,http://www.shelleygroden.com
Waldein Manufacturing,7000 Bass Lake Rd  #-200,Minneapolis,Hennepin,MN,55428,763-537-3885,http://www.rosalindkrenzke.com
Transit Trading Corp,6715 Tippecanoe Rd,Canfield,Mahoning,OH,44406,330-533-8211,http://www.davisbrevard.com
Pacific Seating Co,1535 Hawkins Blvd,El Paso,El Paso,TX,79925,915-771-5729,http://www.winniereich.com
"Shapiro, Mark R Esq",24907 Tibbitts Aven  #-b,Valencia,Los Angeles,CA,91355,661-257-0924,http://www.trudyworlds.com
Telair Div Of Teleflex Inc,3508 Leopard St,Corpus Christi,Nueces,TX,78408,361-884-3985,http://www.deshawninafuku.com
Audiotek Electronics,286 State St,Perth Amboy,Middlesex,NJ,8861,732-442-1775,http://www.claudioloose.com
"Wrigley, Robert I Esq",1112 Se 1st St,Evansville,Vanderburgh,IN,47713,812-421-7625,http://www.salpindell.com
Tax Office,111 W 40th St,New York,New York,NY,10018,212-719-0754,http://www.cristinasharper.com
Williams Scotsman,100 E Broad St,Columbus,Franklin,OH,43215,614-225-1612,http://www.carymccamey.com
"Davis, Robert L Esq",6030 Greenwood Plaza Blvd,Englewood,Arapahoe,CO,80111,303-689-5219,http://www.haleyrocheford.com
"Ehrmann, Rolfe F Esq",100 Thanet Circ,Trenton,Mercer,NJ,8648,609-896-2099,http://www.dorotheasweem.com
"Chiapete, W Richard Esq",926 E Park Ave,Tallahassee,Leon,FL,32301,850-222-0105,http://www.fanniesteese.com
De Friese Theo & Sons,1722 White Horse Mercerville R,Trenton,Mercer,NJ,8619,609-584-0645,http://www.allysongillispie.com
"Yoshida, Gerald C Esq",3738 N Monroe St,Tallahassee,Leon,FL,32303,850-422-8152,http://www.rogerseid.com
Jd Edwards & Co,1005 Congress Ave,Austin,Travis,TX,78701,512-478-9874,http://www.dolliedaquino.com
Saunders Appraisal Inc,3 Northern Blvd,Amherst,Hillsborough,NH,3031,603-673-5009,http://www.evaseahorn.com
"Jacobs, Brian Realtor",2810 Jacobs Ave,Eureka,Humboldt,CA,95501,707-443-9147,http://www.mamiemcintee.com
A B C Lock & Key,200 California St,San Francisco,San Francisco,CA,94111,415-705-2887,http://www.lyndonbellerdine.com
Travel Agent Magazine,101 Royal St,Alexandria,Alexandria City,VA,22314,703-684-0307,http://www.lashondaderouen.com
Super 8 Motel Temple,101 Us Highway 46,Fairfield,Essex,NJ,7004,973-882-1908,http://www.jacklynemayo.com
"Misko, Charles G Esq",303 N Indian Canyon Dr,Palm Springs,Riverside,CA,92262,760-327-0929,http://www.rubincrotts.com
Dream Homes Usa Inc,645 Church St,Norfolk,Norfolk City,VA,23510,757-627-6195,http://www.boriscatino.com
Lindsays Landing Rv Pk & Mrna,1102 Main St,Grandview,Jackson,MO,64030,816-765-3469,http://www.janniebowditch.com
"Smith, Arthur D Esq",1201 18th St,Denver,Denver,CO,80202,303-292-4239,http://www.colinaltonen.com
Washington Crossing Inn,337 S North Lake Blvd,Altamonte Springs,Seminole,FL,32701,407-332-1718,http://www.kerryevertt.com
Microtel Franchise & Dev Corp,410 Front St,Brainerd,Crow Wing,MN,56401,218-828-1401,http://www.kathieargenti.com
"Keyes, Judith Droz Esq",1063 Fm Wzzw,Milton,Cabell,WV,25541,304-743-7475,http://www.henriettacintora.com
Donut & Sandwich Shop,1092 Saint Georges Ave,Rahway,Union,NJ,7065,732-388-9355,http://www.marianomaury.com
"Mason, Joseph G Esq",55 E 10th Ave,Eugene,Lane,OR,97401,541-342-4657,http://www.lottievoll.com
Rimpsey Agency,628 Pacific Ave,Oxnard,Ventura,CA,93030,805-483-5693,http://www.ofeliasheffler.com
Center For Hope Hospice Inc,1160 Wccs,Homer City,Indiana,PA,15748,724-479-7077,http://www.gastoncieloszyk.com
Nicollet Process Engineering,2135 11th St,Rockford,Winnebago,IL,61104,815-968-7904,http://www.karlaken.com
"Schlackman, William H",22343 Se Stark St,Gresham,Multnomah,OR,97030,503-666-9241,http://www.averyparbol.com
Manpower Temporary Services,2 Horizon Rd  #-2,Fort Lee,Bergen,NJ,7024,201-224-7282,http://www.johnchipley.com
United Waste Systems,3437 N 12th Ave,Pensacola,Escambia,FL,32503,850-434-5228,http://www.luellapliner.com
Stell Mortgage Investors,108 Washington St,Keokuk,Lee,IA,52632,319-524-9435,http://www.elvirablumenthal.com
Stitch Craft,13201 Northwest Fwy,Houston,Harris,TX,77040,713-690-4043,http://www.tyreecourrege.com
Air Academy Federal Credit Un,700 W Highway 287,Lander,Fremont,WY,82520,307-332-3893,http://www.ramonamaral.com
"Mclaughlin, John F Esq",2255 Kuhio Ave  #-1203,Honolulu,Honolulu,HI,96815,808-924-7666,http://www.wilfredogidley.com
P C Systems,Kahala,Honolulu,Honolulu,HI,96816,808-247-7982,http://www.gracieehn.com
Frank Siviglia & Co,Pearlridge,Aiea,Honolulu,HI,96701,808-247-7192,http://www.dorthyalexy.com
"Puckett, Dennis L Esq",Windward,Kaneohe,Honolulu,HI,96744,808-247-2529,http://www.bertieluby.com
General Insurcorp Inc,1418 3rd Ave,New York,New York,NY,10028,212-628-1234,http://www.rudykuhle.com
"Lust, C James Esq",104 N Aurora St,Ithaca,Tompkins,NY,14850,607-277-6524,http://www.galenolau.com
"Hurley, Thomas J Jr",280 N Midland Ave,Saddle Brook,Bergen,NJ,7663,201-646-8526,http://www.kenyabruni.com
"Edwards, Elwood L",4685 Ne 14th St,Des Moines,Polk,IA,50313,515-262-6264,http://www.triciakruss.com
"Sherman, Michael D Esq",1180 Dora Hwy,Pulaski,Pulaski,VA,24301,540-980-2978,http://www.mackjurasin.com
Acker Knitting Mills Inc,303 W 15th St,Austin,Travis,TX,78701,512-478-4449,http://www.margaritokornbau.com
Anderson Consulting,3918 16th Ave,Brooklyn,Kings,NY,11218,718-871-3483,http://www.lucieniurato.com
Younghans & Burke,307 E President St,Savannah,Chatham,GA,31401,912-236-8705,http://www.jarvisgalas.com
"Spears, Robert M Esq",1700 Street Rd,Warrington,Bucks,PA,18976,215-548-4706,http://www.billiecowley.com
Matt Kokkonen Insurance Agency,1740 House,Lumberville,Bucks,PA,18933,215-297-5442,http://www.jacintogawron.com
Lifestyles Organization,Rt 16,North Conway,Carroll,NH,3860,603-356-6174,http://www.randallkluemper.com
"Callaghan, Kathleen M Esq",34 W 17th St,New York,New York,NY,10011,212-366-6877,http://www.enriqueoroark.com
Citizens Savings Bank,1275 County Road 210 W,Jacksonville,Saint Johns,FL,32259,904-260-3735,http://www.alvapennigton.com
Mooring,401 S Main St,Greensburg,Westmoreland,PA,15601,724-834-8831,http://www.socorrobalandran.com
Midwest Undercar Distributors,1801 West Ave S,La Crosse,La Crosse,WI,54601,608-788-5946,http://www.nadiawilshire.com
Cowley & Chidester,44 N Main St,Wolfeboro,Carroll,NH,3894,603-569-8142,http://www.reginaldhumes.com
Lowe Art Museum,1822 Spring Garden St,Philadelphia,Philadelphia,PA,19130,215-564-2241,http://www.lyndacaraway.com
Rcf Inc,2401 Cleveland Rd W,Huron,Erie,OH,44839,419-433-9756,http://www.saundramcaulay.com
Micro Wire Products,406 Ne 3rd St,McMinnville,Yamhill,OR,97128,503-434-3863,http://www.allanschwantd.com
Nutra Source,1745 W 18th Ave,Eugene,Lane,OR,97402,541-345-4884,http://www.wilmerconstantineau.com
Wbnd Am,221 Main,Park City,Summit,UT,84060,435-645-9504,http://www.savannahkesich.com
Kintech Stamping Inc,1919 Connecticut Ave Nw,Washington,District of Columbia,DC,20009,202-265-9475,http://www.dwaincuttitta.com
Signature Inn,3730 Fm,Houston,Harris,TX,77068,281-537-3235,http://www.krystlestika.com
"Black, Ronald H",2308 Bienville Blvd,Ocean Springs,Jackson,MS,39564,228-875-6402,http://www.felipegould.com
Midwest Fire Protection Inc,1810 N King St,Honolulu,Honolulu,HI,96819,808-842-7338,http://www.steveschorr.com
Bashlin Industries Inc,50 Spring St  #-1,Cresskill,Bergen,NJ,7626,201-569-5795,http://www.naomicaetano.com
"Richards, Edward W Esq",3540 S 84th St,Omaha,Douglas,NE,68124,402-397-8391,http://www.melodysaddat.com
Copycat Quick Print,1810 Pioneer Ave,Cheyenne,Laramie,WY,82001,307-632-2516,http://www.mitchelharnar.com
Calibron Systems Inc,4018 W Clearwater Ave,Kennewick,Benton,WA,99336,509-783-7346,http://www.sharlenecircelli.com
Corporate Alternatives Inc,3043 Ridge Rd,Lansing,Cook,IL,60438,708-474-0011,http://www.seanbonnet.com
Santa Cruz Title Co,7828 N 19th Ave,Phoenix,Maricopa,AZ,85021,602-995-0966,http://www.travisbrockert.com
Fernando Foods Inc,611 1st Ave N,Humboldt,Humboldt,IA,50548,515-332-9083,http://www.candicebruckman.com
Pepsi Cola Gen Bottlers Inc,300 E Phillips St,Richardson,Dallas,TX,75081,972-235-1843,http://www.mabelweeden.com
Cryogenic Society Of America,615 W Markham St,Little Rock,Pulaski,AR,72201,501-376-0608,http://www.armandopapik.com
"Peebles, William J Esq",64 Dyerville Ave,Johnston,Providence,RI,2919,401-453-7085,http://www.kevinedd.com
S Shamash & Sons Inc,550 N Brand Blvd  #-800,Glendale,Los Angeles,CA,91203,818-246-4734,http://www.raphaelbickel.com
Pozzuolo & Perkiss Pc,550 N Edward St,Decatur,Macon,IL,62522,217-428-1491,http://www.darrenmerlin.com
Allen Industrial Supply,218 W Main St,Sparta,Monroe,WI,54656,608-269-3359,http://www.francissoo.com
"Hammerman, Stanley M Esq",103 Main St,Ridgefield,Fairfield,CT,6877,203-438-5109,http://www.nellyjakuboski.com
"Helm, Norman O",979 3rd Ave,New York,New York,NY,10022,212-838-3221,http://www.mitziihenyen.com
R & E Associates,100 W 25th Ave,San Mateo,San Mateo,CA,94403,650-349-5962,http://www.kathleenberesnyak.com
Arizona Awards,102 5th St N,Clanton,Chilton,AL,35045,205-755-1034,http://www.adelacervantsz.com
Quik Print,1 First Federal Plz,Rochester,Monroe,NY,14614,585-238-7764,http://www.randalgansen.com
Johnson Hardware Co,22 James St,Middletown,Orange,NY,10940,845-343-5354,http://www.alyssabiasotti.com
"Hall, Camden M Esq",131 Rimbach St,Hammond,Lake,IN,46320,219-853-9329,http://www.janetschaffter.com
Cooper & Cooper Cpas,201 N Main St,Anderson,Anderson,SC,29621,864-260-9205,http://www.armandokolm.com
"Hughes, James D Esq",12 E Broad St,Hazleton,Luzerne,PA,18201,570-459-5191,http://www.gilscarpa.com
Fargo Glass & Paint Co,5 E Main,Centerburg,Knox,OH,43011,740-625-1696,http://www.vanessalewallen.com
Corcoran Machine Company,135 E Liberty St,Wooster,Wayne,OH,44691,330-262-7555,http://www.burtonbrining.com
"Aaron, William Esq",330 Route 211 E,Middletown,Orange,NY,10940,845-343-2979,http://www.rosaliekrigger.com
"Cox, Thomas E",415 Center St,Ironton,Lawrence,OH,45638,740-532-0319,http://www.tammieschwartzwalde.com
"Delaney, James J Jr",101 W Central Blvd,Kewanee,Henry,IL,61443,309-852-8638,http://www.darrinneiss.com
"Reagan, Thomas J Esq",222 S 10th St,Oakdale,Allen,LA,71463,318-335-1873,http://www.rosaliakennemur.com
Town Motors,100 S 2nd Ave,Alpena,Alpena,MI,49707,989-354-3712,http://www.callieleboeuf.com
Porter Wright Morris & Arthur,851 Fort Street Mall,Honolulu,Honolulu,HI,96813,808-531-6234,http://www.pattybernasconi.com
Conduit & Foundation Corp,275 W Bridge St,New Hope,Bucks,PA,18938,215-862-7006,http://www.elmogabouer.com
"Brown, Phillip C Esq",126 S Bellevue Ave,Langhorne,Bucks,PA,19047,215-757-2785,http://www.loganmuhl.com
"Savage, Philip M Iii",118 Mill St,Bristol,Bucks,PA,19007,215-788-3902,http://www.vivianbrzostowski.com
R O Binson Inc,Rts 232 & 413,Newtown,Bucks,PA,18940,215-598-5929,http://www.efrenbaucher.com
P C Enterprises Ltd,737 Levittown Ctr,Levittown,Bucks,PA,19055,215-946-6458,http://www.kurtismcbay.com
"Gillis, Donald W Esq",16 Highland Park Way,Levittown,Bucks,PA,19056,215-949-8919,http://www.guillermotsang.com
Imag Corp,237 Jackson St Sw,Camden,Ouachita,AR,71701,870-836-2283,http://www.miltonkuhlman.com
Kpmg Peat Marwick Llp,1400 Gault Ave N,Fort Payne,De Kalb,AL,35967,256-845-2469,http://www.naomigreenly.com
Carey Filter White & Boland,404 Main St,Delta,Fulton,OH,43515,419-822-0591,http://www.marymaurizio.com
"White, Lawrence R Esq",140 N Columbus St,Galion,Crawford,OH,44833,419-468-9018,http://www.caitlinreiniger.com
M & M Mars,25 E High St,Waynesburg,Greene,PA,15370,724-627-2305,http://www.colemancuneo.com
Ipa The Editing House,3721 Oberlin Ave,Lorain,Lorain,OH,44053,440-282-6918,http://www.rachellarrison.com
"Ebbeson, James O Esq",532 Court St,Pekin,Tazewell,IL,61554,309-347-9282,http://www.dwaynemaddalena.com
Safety Direct Inc,511 Saint Johns Ave,Palatka,Putnam,FL,32177,386-328-1499,http://www.angeliqueschermerhorn.com
Sonos Music,185 E Market St,Warren,Trumbull,OH,44481,330-393-6808,http://www.juniorwadlinger.com
S & T Machining,2121 S Mannheim Rd,Westchester,Cook,IL,60154,708-865-8984,http://www.darreltork.com
Russell Builders & Hardware,118 Ne 3rd St,McMinnville,Yamhill,OR,97128,503-434-8121,http://www.lanagarrigus.com
Mission Hills Escrow,300 Hampton St,Walterboro,Colleton,SC,29488,843-549-0125,http://www.jonathonwaldall.com
Chagrin Valley Massotherapy,301 N Pine St,Creston,Union,IA,50801,641-782-7962,http://www.kristinepaker.com
Beatty Satchell Everngam & Co,211 N Main St,Leitchfield,Grayson,KY,42754,270-259-0821,http://www.dwainagricola.com
Md Assn Cert Pub Accts Inc,4565 Harrison St,Hillside,Cook,IL,60162,708-449-2963,http://www.jewelagresta.com
Specialty Alumn Castings Inc,1965 Wakefield Ave,Petersburg,Petersburg City,VA,23805,804-796-5351,http://www.georgettebandyk.com
Quality Dynamics Group,Capitol Ave,Corydon,Harrison,IN,47112,812-738-4816,http://www.geriforness.com
"Bulloch, Bruce Cpa",300 Orlando Dr,Raritan,Somerset,NJ,8869,908-980-9842,http://www.modestoscroggie.com
J & J Machinery Repair Inc,207 Yukon,Tampa,Hillsborough,FL,33604,813-932-4548,http://www.curtmenedez.com
Healthcare Family Credit Union,3112 W Kennedy Blvd,Tampa,Hillsborough,FL,33609,813-872-8262,http://www.karenzombo.com
Advanced Electromagnetics Inc,7 W Darlington Ave,Kissimmee,Osceola,FL,34741,407-870-6229,http://www.loralendor.com
Apartment Mart,1001 Bishop St  #-2850,Honolulu,Honolulu,HI,96813,808-536-1231,http://www.felipemahone.com
Rodgard Corp,300 Broadacres Dr,Bloomfield,Essex,NJ,7003,973-338-1603,http://www.rosalyndaulton.com
"Constantine, Katherine A Esq",30 Highland Ave,Warwick,Orange,NY,10990,845-986-2447,http://www.marquitabousman.com
"Urso, Natale L Esq",110 S La Brea Ave  #-22,Inglewood,Los Angeles,CA,90301,310-412-1067,http://www.carlasirbaugh.com
Woodside Travel Trust,1369 W Redondo Beach Blvd,Gardena,Los Angeles,CA,90247,310-515-2515,http://www.wesfontanella.com
Hamilton Financial Corp,323 N Gilbert St,Danville,Vermilion,IL,61832,217-446-2369,http://www.meredithivrin.com
Essc Inc,14500 Lakeside Cir,Sterling Heights,Macomb,MI,48313,586-247-9791,http://www.lauriebigg.com
Optical Supply,1 Summit Ct,Fishkill,Dutchess,NY,12524,845-896-1692,http://www.bartonfriesner.com
"Kapetanakis, Alexander Esq",535 Ward Ave  #-204,Honolulu,Honolulu,HI,96814,808-545-8636,http://www.sophielangner.com
"Denker, Aaron Esq",6401 N Lincoln Ave,Chicago,Cook,IL,60645,773-976-5586,http://www.garfieldlijewski.com
E Norwalk Crmc Tile & Mrbl Co,361 Park Ave,Scotch Plains,Union,NJ,7076,908-322-6744,http://www.warrenspeach.com
Emanuel Reider Architects Inc,135 Main St,San Francisco,San Francisco,CA,94105,415-956-5134,http://www.madonnacosby.com
Recreation Director,State,Newtown,Bucks,PA,18940,215-968-1567,http://www.valerialingbeek.com
California Stat Min & Mnrl Mus,227 Commercial St,Provincetown,Barnstable,MA,2657,508-487-0597,http://www.heathvanalphen.com
"Wegner, Tim Esq",153 Baltimore St,Cumberland,Allegany,MD,21502,301-759-9676,http://www.marisawoldridge.com
Super 8 Motel,2 Ridgedale Ave,Cedar Knolls,Morris,NJ,7927,973-292-5898,http://www.renedummermuth.com
"Loew, Andrea H Esq",99185 Moanalua Rd  #-101,Aiea,Honolulu,HI,96701,808-487-6258,http://www.helgawindle.com
"Mcivor, Carolyn Md",736 N Mills Ave,Orlando,Orange,FL,32803,407-896-6679,http://www.margotarenburg.com
Warehouse On Wheels,126 S Main St,Clyde,Sandusky,OH,43410,419-547-4835,http://www.sheilaholloran.com
Cenol Co,395 Revilo Ave,Shirley,Suffolk,NY,11967,631-399-6025,http://www.melindacarleton.com
"Halpin, Irene A Esq",1900 L St Nw,Washington,District of Columbia,DC,20036,202-331-7781,http://www.ikezeolla.com
P C Routing Inc,12914 Old Stage Rd,Chester,Chesterfield,VA,23831,804-796-9493,http://www.elmodagenais.com
Sunnyvale Travel,1019 Shadick Dr,Orange City,Volusia,FL,32763,407-775-0598,http://www.valentinegranberry.com
Muller Drugs Inc,2211 Us Highway 19,Holiday,Pasco,FL,34691,727-934-7181,http://www.waldosisk.com
"Meyer, Janet Md",320 W Mclane St,Osceola,Clarke,IA,50213,641-342-6031,http://www.robtbraithwaite.com
Ward Equipment Co,20 Montana Ave,Laurel,Yellowstone,MT,59044,406-628-9418,http://www.corinnecowan.com
Kingston Office Supplies Inc,936 N Western Ave,Chicago,Cook,IL,60622,773-772-1603,http://www.rebecabrumet.com
Printing Factory Inc,2725 W Mcdowell Rd,Phoenix,Maricopa,AZ,85009,602-272-3143,http://www.lynnsaulsberry.com
Cmptr Pros For Scl,115 E Church St,Elberton,Elbert,GA,30635,706-283-6916,http://www.hannahfacio.com
Port Brownsville Pub Scale Inc,1636 E 1st Ave,Anchorage,Anchorage,AK,99501,907-278-7166,http://www.benjaminschkade.com
Willamette Hobbies,5020 Germantown Ave,Philadelphia,Philadelphia,PA,19144,215-438-1716,http://www.athenafontanilla.com
Bucks County Of,475 E 162nd St,South Holland,Cook,IL,60473,708-333-2125,http://www.alenerabeck.com
Automation Products Inc,200 Valley Dr,Brisbane,San Mateo,CA,94005,650-468-7716,http://www.yvettekokoska.com
Belton Industries Inc,980 N Federal Hwy,Boca Raton,Palm Beach,FL,33432,561-394-1574,http://www.petraclemmens.com
Woodworkers Supply Inc,6801 Lake Worth Rd,Lake Worth,Palm Beach,FL,33467,561-965-1433,http://www.carmeloverfelt.com
"Flach, Douglas Esq",6920 Santa Teresa Blvd,San Jose,Santa Clara,CA,95119,408-225-5205,http://www.danettefostervold.com
Breen Trucking,408 Main St,Springfield,Sarpy,NE,68059,402-399-6478,http://www.vinceettel.com
Dennis J Wall Atty At Law Pa,801 W 5th St,Fort Worth,Tarrant,TX,76102,817-332-5439,http://www.davisheideman.com
Public Works Department Office,2302 Artesia Blvd,Redondo Beach,Los Angeles,CA,90278,310-374-2363,http://www.bradlyhasselvander.com
Precision Steel Rule Die Co,1000 Nw 105th St,Oklahoma City,Oklahoma,OK,73114,405-748-1856,http://www.nathanialphoenix.com
"Battaglia, Jack M Esq",1620 Folsom St,San Francisco,San Francisco,CA,94103,415-864-7623,http://www.lamarmckibben.com
Anderson Independent Mail,1426 5th Pl Nw,Rochester,Olmsted,MN,55901,507-280-6844,http://www.shannanumkena.com
"Stubenberge, James A Esq",897 Independence Ave,Mountain View,Santa Clara,CA,94043,650-965-3368,http://www.helenasuermann.com
Friends Hospital,50 Aviation Way,Watsonville,Santa Cruz,CA,95076,831-763-0923,http://www.delphinehelmich.com
Kirin Amgen,904 N Lake St,Burbank,Los Angeles,CA,91502,818-841-8221,http://www.barbarahindley.com
Thrifty Sign Stop,1049 S Mccord Rd,Holland,Lucas,OH,43528,419-865-1836,http://www.sherylsisofo.com
"Woodward, John C Esq",3420 E Flamingo Rd,Las Vegas,Clark,NV,89121,702-458-2093,http://www.robynchristophel.com
Ortman Mccain Co,1280 Price Ave,Pomona,Los Angeles,CA,91767,909-620-2768,http://www.gaylageimer.com
Nevada Baking Co,5430 Alpha Rd,Dallas,Dallas,TX,75240,214-661-8804,http://www.evanpyfrom.com
Red Carpet Inn,31 S Grove St,East Aurora,Erie,NY,14052,716-655-2749,http://www.chadmiklas.com
"Breen, Sean E Esq",100 Mbc Dr,Shawano,Shawano,WI,54166,715-526-2421,http://www.treytout.com
True Electric Corp,7895 S Cessna Ave,Gaithersburg,Montgomery,MD,20879,301-921-1251,http://www.isabellarmout.com
Railway Educational Bureau,2350 Duke St,Alexandria,Alexandria City,VA,22314,703-684-8561,http://www.alejandromascall.com
Sears Roebuck And Co,2303 21st Ave S,Nashville,Davidson,TN,37212,615-385-6946,http://www.kennithkirklin.com
"Lee, Harry Esq",1062 Folsom St,San Francisco,San Francisco,CA,94103,415-255-6543,http://www.ikebenthin.com
Nylonge Corporation,1062 Folsom St,San Francisco,San Francisco,CA,94103,415-255-7088,http://www.donaldsherretts.com
L & H Central Office,1828 Jefferson Pl Nw,Washington,District of Columbia,DC,20036,202-833-3174,http://www.linahybarger.com
Reed Engineering Inc,200 E Delawr Pl,Chicago,Cook,IL,60611,312-944-1477,http://www.rebekahpadley.com
"Madden, John H Jr",200 W South St,Charlottesville,Charlottesville City,VA,22902,434-979-2694,http://www.mariongaulden.com
Central Distribution System,2000 Linwood Ave,Fort Lee,Bergen,NJ,7024,201-947-4235,http://www.maurinemonroy.com
Computer X Consulting,1797 Lakewood Ter Se,Atlanta,Fulton,GA,30315,404-627-4276,http://www.rosannasandrock.com
Rascher & Betzold Inc,201 E Pine St,Orlando,Orange,FL,32801,407-420-7195,http://www.marcelinomaggs.com
"Lunt, Donald C Esq",5605 Ne 105th Ave,Portland,Multnomah,OR,97220,503-256-8982,http://www.florinewillardson.com
Howard Fabrication,1348 Liberty Pike,Franklin,Williamson,TN,37067,615-790-3042,http://www.judehaza.com
Friesen And Kane Public Accts,1818 E Atlantic St,Philadelphia,Philadelphia,PA,19134,215-743-2529,http://www.eldonsutch.com
Nichols Village The Inn,6301 Owensmouth Ave,Woodland Hills,Los Angeles,CA,91367,818-704-7539,http://www.lashondaenote.com
Odonoghue C Kevin,201 Electronics Blvd Sw,Huntsville,Madison,AL,35824,256-464-6964,http://www.marlafolz.com
Healey Chevy Olds Buick Geo,985 Parker Ct,Santa Clara,Santa Clara,CA,95050,408-727-0884,http://www.reginaldlunan.com
Gem Tec Inc,2000 E Jefferson St,Phoenix,Maricopa,AZ,85034,602-258-8609,http://www.kylelindauer.com
Evenings Dlght Fireplaces,1119 Wheeler Ave,Scranton,Lackawanna,PA,18510,570-969-8176,http://www.sonmarschke.com
"Darling, Pamela E",2100 Linwood Ave,Fort Lee,Bergen,NJ,7024,201-592-8423,http://www.johnieminaai.com
Frances Meyer Inc,2505 Congress St,San Diego,San Diego,CA,92110,858-298-6695,http://www.kellivarrato.com
Comfort Inn Wilshire,1312 W Lincoln Ave,Olivia,Renville,MN,56277,320-523-8378,http://www.nevamarsell.com
"Cupkovic, Walter D Esq",2809 Granny White Pike,Nashville,Davidson,TN,37204,615-292-9027,http://www.bricehedglin.com
C D Short Foods Inc,1400 N Woodward Ave,Bloomfield Hills,Oakland,MI,48304,248-647-1999,http://www.terrancenimmer.com
Uniglobe Transeas Travel,100 E 85th St,New York,New York,NY,10028,212-472-9579,http://www.carolkrisman.com
Jiffy Moving & Storage Company,4024 Merchant Rd,Fort Wayne,Allen,IN,46818,260-489-4697,http://www.dolliepillitteri.com
"Dowse, Geoffrey Esq",92 Argonaut  #-270,Aliso Viejo,Orange,CA,92656,949-768-8107,http://www.mellissasule.com
"Gutzwiller, Robert H Esq",4915 Industrial Way,Coeur d Alene,Kootenai,ID,83814,208-667-5935,http://www.antonythierauf.com
Terrance Fox,207 N Main St,Hutchins,Dallas,TX,75141,972-225-9569,http://www.reinareisenauer.com
Meijer Associates Credit Union,2375 3rd St,Riverside,Riverside,CA,92507,951-683-9932,http://www.zanesulikowski.com
Independence Assocaites Inc,2222 Santa Monica Blvd,Santa Monica,Los Angeles,CA,90404,310-828-1895,http://www.hilariocassa.com
"Martin, Anthony D Esq",235 W Main St,Charlottesville,Charlottesville City,VA,22902,434-979-9777,http://www.veronicaradman.com
League Of Kans Municipalities,370 34th St St,Saint Petersburg,Pinellas,FL,33711,727-327-8494,http://www.terierlewine.com
Technical & Mgmt Svc Corp,6585 Commerce Blvd,Rohnert Park,Sonoma,CA,94928,707-585-7011,http://www.alissamountjoy.com
Spec Check Inc,24800 Rockside Rd,Bedford,Cuyahoga,OH,44146,440-786-9246,http://www.heleneiberg.com
L & L Builders,Rte 6 & 209,Matamoras,Pike,PA,18336,570-296-2054,http://www.lonascronce.com
E Henderson Inc,150 Sawkill Ave,Milford,Pike,PA,18337,570-296-4647,http://www.jeremylampi.com
Cosgrove Eisenberg & Kiley Pc,3001 Geary Blvd,San Francisco,San Francisco,CA,94118,415-668-5841,http://www.mitchschattner.com
Midlen & Guillot Chartered,509 W 4th Ave,Anchorage,Anchorage,AK,99501,907-276-6002,http://www.hanscarlan.com
Barco/chromatics Inc,2405 Grand Blvd,Kansas City,Jackson,MO,64108,816-274-6897,http://www.concettasarchett.com
Holiday Inn Of Issaquah,321 Palmer Rd,Denville,Morris,NJ,7834,973-328-1903,http://www.isaaczackery.com
Cefpi,12500 Ne 10th Pl,Bellevue,King,WA,98005,425-451-1273,http://www.dougmatrisciano.com
Software Pursuits Inc,1219 Pine Ave,Orlando,Orange,FL,32824,407-240-8312,http://www.devonsamrah.com
"Quincy, Jim",3960 W 26th St,Chicago,Cook,IL,60623,773-277-4756,http://www.amoslinnan.com
Bohning Co Ltd,40 E Mcmicken Ave,Cincinnati,Hamilton,OH,45210,513-357-7989,http://www.manueldienhart.com
Chesapeake Telephone Systems,935 S 2nd St,Plainfield,Union,NJ,7063,908-756-5441,http://www.audracantu.com
Hsk Decker,1049 Lakloey Dr,North Pole,Fairbanks North Star,AK,99705,907-488-2093,http://www.keisharansonet.com
Erie Brush Co,921 Sw Washington St  #-321,Portland,Multnomah,OR,97205,503-241-7691,http://www.rolandobaumann.com
"Walls, Robert E Esq",1008 S San Pedro St,Los Angeles,Los Angeles,CA,90015,213-748-0447,http://www.maryannewhyman.com
Budgetel Inns,Box #-37223,El Paso,El Paso,TX,79937,915-591-3614,http://www.kurtisasberry.com
Corro Therm Inc,3 B Floor Care & Hskpg Svc,Catawissa,Columbia,PA,17820,570-799-4583,http://www.edgompf.com
Precision Electric Co Inc,7949 E Acoma Dr,Scottsdale,Maricopa,AZ,85260,480-991-6547,http://www.normanbetance.com
Sather Eng Inc,1035 N Mcqueen Rd  #-133,Gilbert,Maricopa,AZ,85233,480-926-7533,http://www.bertakarczewski.com
"Pursell, David B Esq",112 W Plum,Doniphan,Hall,NE,68832,402-845-8229,http://www.macmarksberry.com
Action Remediation Co,106 Erie St,Hutchinson,McLeod,MN,55350,320-587-7201,http://www.sandragraen.com
"Dyer, James R Esq",6086 N Lyons Rd,Burlington,Racine,WI,53105,262-763-3845,http://www.leejavens.com
River City Body Co,6312 S Yellowstone Hwy,Idaho Falls,Bonneville,ID,83402,208-525-5501,http://www.franzanders.com
Kings Inn,106 Erie St,Hutchinson,McLeod,MN,55350,320-587-3448,http://www.lanebrantz.com
Lesher Printers Inc,15542 Chemical Ln,Huntington Beach,Orange,CA,92649,714-895-8188,http://www.bessmarso.com
Glen Burnie The Bank Of,1900 W Loop S  #-600,Houston,Harris,TX,77027,713-871-6355,http://www.tamaradeclue.com
Shipley Oil Company,2078 Foster Ave,Wheeling,Cook,IL,60090,847-870-6026,http://www.denisespeegle.com
Accurate Color Inc,1370 S Bertelsen Rd,Eugene,Lane,OR,97402,541-342-0655,http://www.lyndayoutsey.com
"Snyder, Stephen E Esq",13026 S Normandie Ave,Gardena,Los Angeles,CA,90249,310-321-0564,http://www.diannburigsay.com
Play Craft Pontoon Co,23352 El Toro Rd,Lake Forest,Orange,CA,92630,949-583-7758,http://www.marihwang.com
Door Systems,833 E Allegheny Ave,Philadelphia,Philadelphia,PA,19134,215-426-8416,http://www.shannaneundorfer.com
Minteq International,Box #-851,Woodland Hills,Los Angeles,CA,91365,818-703-0447,http://www.sherwooddetillier.com
"Nielsen, Laura W Md",154 Main St,Upton,Worcester,MA,1568,508-529-8368,http://www.waltonschwallie.com
Pro Infusion Pharm Inc,3260 W New Haven Ave,Melbourne,Brevard,FL,32904,321-676-3378,http://www.judygartenmayer.com
Cerberus Pyrotronics,1110 25th Ave N,Fargo,Cass,ND,58102,701-293-7439,http://www.antionemccleary.com
"Hanson, Bruce Esq",3763 Scripps Dr,Las Vegas,Clark,NV,89103,702-876-9367,http://www.kayganguli.com
Laun Law Offices,255 Industrial Dr,Franklin,Warren,OH,45005,937-746-4129,http://www.omaduffy.com
"Bilton, Dean H Esq",1900 W Loop S,Houston,Harris,TX,77027,713-871-0838,http://www.devonteston.com
Vickery Tape & Label Co Inc,975 Flynn Rd,Camarillo,Ventura,CA,93012,805-445-9961,http://www.jadeerlebach.com
Larry Farmer Appraisal Co Inc,850 Glen Ave,Moorestown,Burlington,NJ,8057,856-866-1542,http://www.roseannjerko.com
Review Monterey Peninsula,4508 Enterprise St,Fremont,Alameda,CA,94538,510-651-1242,http://www.ruthiezortman.com
Cmplt Cmptg Solutions Ne,4508 Enterprise St,Fremont,Alameda,CA,94538,510-651-8302,http://www.leifarguin.com
Personal Creations Inc,151 Brown St  #-b,Lawrenceburg,Dearborn,IN,47025,812-537-5442,http://www.millicentekstrom.com
Stone Container Corporation,7846 Clybourn Ave,Sun Valley,Los Angeles,CA,91352,818-767-5123,http://www.valoborne.com
Womens Resource & Refrl Ntwrk,6747 Signat Dr,Houston,Harris,TX,77041,713-466-3278,http://www.bridgettretort.com
Superior Gundrilling,35375 Highway 228,Brownsville,Linn,OR,97327,541-466-1661,http://www.tialino.com
Young Men Christian Assn Cnty,11551 Riverpark Way,Chesterfield,Chesterfield,VA,23838,804-739-7905,http://www.jarrettkenzie.com
Brown & Brown Law Office,2550 E Lucas Dr,Beaumont,Jefferson,TX,77703,409-892-8492,http://www.maravanderzwaag.com
Vantage Products,1425 Koll Cir  #-107,San Jose,Santa Clara,CA,95112,408-453-1525,http://www.tiffanyknust.com
"Bodik, Michael G Esq",6023 Garfield Ave,Los Angeles,Los Angeles,CA,90040,323-726-8499,http://www.fabianmcshaw.com
Center For Resource Management,1200 Shreveport Barksdale Hwy,Shreveport,Caddo,LA,71105,318-865-7381,http://www.annabellecoger.com
Star Systems Inc,200 Broadhollow Rd,Melville,Suffolk,NY,11747,631-673-1556,http://www.marisasmiler.com
Interwest Freight System Inc,23405 Sw 152nd Ct,Homestead,Miami-Dade,FL,33032,305-247-4599,http://www.samanthabordwell.com
"Benson, John S",333 Andrew Ave,Salt Lake City,Salt Lake,UT,84115,801-486-6755,http://www.feleciariedl.com
"Tweel, Ronald R Esq",1765 Sw Highway 97,Madras,Jefferson,OR,97741,541-475-0021,http://www.krispersson.com
Thomas & Libowitz Pa,118 Lenzner Ct,Sewickley,Allegheny,PA,15143,412-741-4236,http://www.kyliebridgeman.com
Powers & Assocs,1800 Pine Run Rd,Wilkes Barre,Luzerne,PA,18702,570-822-6267,http://www.eduardobellendir.com
Bush Building Corporation,2017 W Jackson St,Tupelo,Lee,MS,38801,662-842-8645,http://www.waldoedberg.com
Crain Industries,45 Church St,Stamford,Fairfield,CT,6906,203-359-6466,http://www.brentvaidya.com
"Fischer, William R Esq",432 Lignite Ave,Fairbanks,Fairbanks North Star,AK,99701,907-456-4144,http://www.bettebarcelona.com
"Finkelstein, Bernard A Cpa",827 E 10th Ave,Anchorage,Anchorage,AK,99501,907-277-2227,http://www.richgleave.com
"Berry, Robert A Esq",3030 Bridgeway,Sausalito,Marin,CA,94965,415-332-7303,http://www.lymanwhittley.com
Catholic University Of,582 Centerville Rd,Lancaster,Lancaster,PA,17601,717-560-5625,http://www.maryanngarnette.com
John C Auth,215 E Pikes Peak Ave,Colorado Springs,El Paso,CO,80903,719-632-5612,http://www.jimmiezarzycki.com
"Lisher, John L Esq",22140 Ventura Blvd  #-4,Woodland Hills,Los Angeles,CA,91364,818-713-8346,http://www.giselakosicki.com
"Chamot, Philip S Esq",1000 Monte Sano Blvd Se,Huntsville,Madison,AL,35801,256-533-1176,http://www.marlenehammeren.com
Cenref Labs,3100 Dodge St,Dubuque,Dubuque,IA,52003,563-557-6308,http://www.krisstanzak.com
"Spottswood, William B Esq",610 W Main St,Batavia,Clermont,OH,45103,513-732-2547,http://www.romansimone.com
Perkins Photo/graphics Inc,2575 State Highway 32,Chico,Butte,CA,95973,530-345-8372,http://www.cathrynnicolaus.com
"Veron, J Michael Esq",711 Park Ave,Freehold,Monmouth,NJ,7728,732-462-3575,http://www.lanakeels.com
Electron Rentals Inc,330 S Ocean Blvd,Palm Beach,Palm Beach,FL,33480,561-655-9129,http://www.malissaziesemer.com
"Gagen, William E Jr",342 Seaside Ave,Honolulu,Honolulu,HI,96815,808-926-6173,http://www.pamalabrodtmann.com
Newood,1135 Kildaire Farm Rd,Cary,Wake,NC,27511,919-460-4304,http://www.heribertotivis.com
R A Hamilton Corp,1110 N Highway 360,Grand Prairie,Dallas,TX,75050,972-660-0934,http://www.edgardoprudente.com
"Swanson, Victoria C Esq",5321 Sterling Center Dr,Westlake Village,Ventura,CA,91361,805-991-4665,http://www.fredkunde.com
Slant Fin Corp,3700 Campus Dr,Newport Beach,Orange,CA,92660,949-852-9027,http://www.pilarsuddeth.com
A Limousine Service,711 W 38th St,Austin,Travis,TX,78705,512-458-7226,http://www.eliseowice.com
Teamsters Union Local 20,66 Flint St,Asheville,Buncombe,NC,28801,828-251-4242,http://www.bridgetknightly.com
Church Point Whol Gr Co Inc,1006 S San Pedro St,Los Angeles,Los Angeles,CA,90015,213-748-5668,http://www.torivillaescusa.com
Grt Nthrn Shoe Rpr & Dry Clnrs,2280 S Xanadu Way  #-300,Aurora,Arapahoe,CO,80014,303-337-5796,http://www.clairemoyerman.com
Postal Place At 111th Square,125 N Emporia St,Wichita,Sedgwick,KS,67202,316-267-5183,http://www.judikivel.com
Woodland Village Nursing Home,200 Cottontail Ln,Somerset,Somerset,NJ,8873,732-563-1293,http://www.terrellrodda.com
"White, Samuel I Esq",43 Parmenter Rd,Hudson,Middlesex,MA,1749,978-562-5062,http://www.jasmingum.com
Mid State Construction Prod,112 E Pecan St,San Antonio,Bexar,TX,78205,210-224-4881,http://www.bridgetbottella.com
"Seawright, Rodney",3963 Virginia Ave,Cincinnati,Hamilton,OH,45227,513-561-7531,http://www.tamitrybus.com
Decatur Studio Inc,1224 S Hope St,Los Angeles,Los Angeles,CA,90015,213-747-3088,http://www.maynardkaewprasert.com
First Bank Of Brunswick,6850 S Harlem Ave,Summit Argo,Cook,IL,60501,708-496-8587,http://www.violamcsorley.com
Als Motors Inc,15 Henderson Dr,Caldwell,Essex,NJ,7006,973-575-9328,http://www.reggiestreu.com
Reliable Optical,19901 Nordhoff St,Northridge,Los Angeles,CA,91324,818-709-2649,http://www.renagriffeth.com
Ridley Ridley & Burnette,1601 S Shamrock Ave,Monrovia,Los Angeles,CA,91016,626-303-2569,http://www.pierresalera.com
"Loftus, Daniel B Esq",3m County,Belle Mead,Somerset,NJ,8502,908-874-4873,http://www.carolinakinlaw.com
Mitchell De Burring Co,6850 S Harlem Ave,Summit Argo,Cook,IL,60501,708-496-4617,http://www.alejandraprenatt.com
Spectrum Constrctn & Dev Corp,1015 N Cahuenga Blvd,Los Angeles,Los Angeles,CA,90038,323-469-3082,http://www.quintinisacson.com
"Hackett, Peter J",2601 Summerhill Rd,Texarkana,Bowie,TX,75503,903-792-5309,http://www.robingrotz.com
Enviro Dynamics,130 Wyoming Ave,Scranton,Lackawanna,PA,18503,570-348-4204,http://www.lacywoodfin.com
Safety Team Inc,550 N Brand Blvd  #-1940,Glendale,Los Angeles,CA,91203,818-507-1925,http://www.danielzill.com
Highland Management Group,305 W Washington St,Brainerd,Crow Wing,MN,56401,218-828-3231,http://www.reinawolchesky.com
Welsh Company,33 Harrison Ave,Boston,Suffolk,MA,2111,617-426-1114,http://www.marcwanger.com
Data Ware Development Inc,5830 Downing St  #-d,Denver,Denver,CO,80216,303-295-3867,http://www.damionmatkin.com
Barrett Paving Materials Inc,670 S Barrington Rd,Streamwood,Cook,IL,60107,630-289-9033,http://www.luciuswinchester.com
Hyacinth Foundation Aids Proj,670 S Barrington Rd,Streamwood,Cook,IL,60107,630-289-8985,http://www.petramcnichol.com
"Fuhrmann, Chris C Esq",580 Fountain Ave,Brooklyn,Kings,NY,11208,718-272-8498,http://www.katinaramano.com
"Re, Matthew R Esq",2103 W Main St,Farmington,San Juan,NM,87401,505-325-9042,http://www.lesliecackowski.com
"Roche, Patrick Esq",4354 Highway 64,Kirtland,San Juan,NM,87417,505-598-3063,http://www.cristopherwiget.com
Fox & Killbride,22 Mill St,Paterson,Passaic,NJ,7501,973-684-6309,http://www.garthskiffington.com
Allegro Copy & Print,305 Griffin Ave Sw,Eastman,Dodge,GA,31023,478-374-6992,http://www.brendanqin.com
Hostetler & Kowalik,3333 Se 21st St,Topeka,Shawnee,KS,66607,785-354-3042,http://www.chasefurler.com
Consolidated Mechanical Inc,1515 Wyoming St,Missoula,Missoula,MT,59801,406-728-5507,http://www.mariettabjornberg.com
Meicher Cpa,1515 Wyoming St,Missoula,Missoula,MT,59801,406-728-7668,http://www.carmellawishman.com
C & I Computer Services Inc,1515 Wyoming St,Missoula,Missoula,MT,59801,406-728-4789,http://www.ericaeyrich.com
American Music Teacher,404 W Boonville New Harmony Rd,Evansville,Vanderburgh,IN,47711,812-867-2593,http://www.luciusbagnoli.com
Pip Printing,490 S Broad St,Canfield,Mahoning,OH,44406,330-533-6543,http://www.barthachey.com
Wyckoff Florist & Gifts,246 Griffing Ave,Riverhead,Suffolk,NY,11901,631-727-2147,http://www.isiahphernetton.com
Boykin Management Co,5485 Conestoga Ct,Boulder,Boulder,CO,80301,303-546-1589,http://www.mortoncrummell.com
Mckesson Drug Co,2320 W Louise Dr,Phoenix,Maricopa,AZ,85027,623-581-2472,http://www.princekauk.com
"Scisci, Pasquale M",4694 Alvarado Canyon Rd  #-f,San Diego,San Diego,CA,92120,858-265-6604,http://www.martahorner.com
"Bostek, Eva M Dvm",4251 Glenwood Ave,Youngstown,Mahoning,OH,44512,330-783-9674,http://www.teodorogaboury.com
Livingston City,9100 F St,Omaha,Douglas,NE,68127,402-331-4974,http://www.jessassad.com
"Henson, Claudia",Hwy 8e E,Mena,Polk,AR,71953,479-394-7509,http://www.freemansoula.com
R D Playman Co,4013 Cameron St  #-b,Lafayette,Lafayette,LA,70506,337-269-7011,http://www.ritacenter.com
Tile City & Carpet Of Pa,8387 University Ave,La Mesa,San Diego,CA,91941,619-464-8499,http://www.kirapapen.com
Welk Resort Center,5921 S Middlefield Rd,Littleton,Jefferson,CO,80123,303-730-8087,http://www.miqueldemicco.com
Campbell Inn,1003 Northern Blvd,Manhasset,Nassau,NY,11030,516-365-0493,http://www.williammahmud.com
House Boat Rentals Inc,585 Bedford Rd,Bedford Hills,Westchester,NY,10507,914-241-2272,http://www.lacybelmont.com
Mail Boxes Etc,Bus Rt 54 & Hh,Lake Ozark,Camden,MO,65049,573-365-1055,http://www.vanleanen.com
River House Hotel,2470 Lamington Rd,Bedminster,Somerset,NJ,7921,908-234-9433,http://www.maymestaub.com
Arbor Center,221 S Kerr Ave,Wilmington,New Hanover,NC,28403,910-799-1965,http://www.greggguevarra.com
"Osach, Ronald C Esq",106 S 4th St,Forest City,Winnebago,IA,50436,641-582-0424,http://www.minhleclare.com
Goodwill Speciality Co,1647 E Palmdale Blvd,Palmdale,Los Angeles,CA,93550,661-273-6263,http://www.joeysedore.com
Ivs Media Inc,2900 Ford Rd,Bristol,Bucks,PA,19007,215-788-7666,http://www.jeaniedalen.com
Easy Mail,506 Kellogg Ave,Ames,Story,IA,50010,515-233-6551,http://www.eddiegauer.com
Days Inn Airport By Mall Amer,1002 S Treadaway Blvd,Abilene,Taylor,TX,79602,325-677-2343,http://www.jessiebarkle.com
Sav Mart,4 Trvl Svc Carlson Trvl Ways,Twin Falls,Twin Falls,ID,83301,208-733-3476,http://www.deandreresendiz.com
"Ryder, Edward A Esq",2181 Harlem Rd,Loves Park,Winnebago,IL,61111,815-877-9538,http://www.janetrathrock.com
"Bickel, Daniel R Cpa",7210 Gateway Blvd E,El Paso,El Paso,TX,79915,915-593-8069,http://www.denicenordlinger.com
Barrett Bindery Co,3530 E Washington St,Phoenix,Maricopa,AZ,85034,602-225-9028,http://www.dannydales.com
Cornhusker Press,1700 Terminal St,West Sacramento,Yolo,CA,95691,916-372-1333,http://www.robbiedeshay.com
Express Printing Center,11796 Sheldon St,Sun Valley,Los Angeles,CA,91352,818-768-1832,http://www.carlahumble.com
Martinique Resort Hotel,15 Park Row,New York,New York,NY,10038,212-227-4343,http://www.ashleyleonesio.com
Shipp Storage,400 1st St Nw,Washington,District of Columbia,DC,20001,202-783-8805,http://www.josephinesotlar.com
Recycle Metals Corp,411 E Wisconsin Ave,Milwaukee,Milwaukee,WI,53202,414-271-6234,http://www.derekkreutzbender.com
International Management Assoc,933 Wiliwili St,Honolulu,Honolulu,HI,96826,808-949-8257,http://www.kirastaffon.com
Dillon Measurement Instruments,444 Nahua St,Honolulu,Honolulu,HI,96815,808-544-6357,http://www.isaacdavensizer.com
"Hirt, Stanley Esq",4011 Wallingford Ave N,Seattle,King,WA,98103,206-634-2589,http://www.revabayer.com
Interstate Unltd Fed Crdt Un,463 Beacon St,Boston,Suffolk,MA,2115,617-247-6002,http://www.melvinauteri.com
Us Mortgage Corp,814 Blue Mound Rd,Fort Worth,Tarrant,TX,76131,817-947-6272,http://www.stephenseiters.com
"Constantino, James P Esq",4820 E Mcdowell Rd  #-300,Phoenix,Maricopa,AZ,85008,602-225-8897,http://www.lucassantellana.com
Pea Press,Box #-1948,Jackson,Teton,WY,83001,307-733-6525,http://www.tracitoomey.com
Sorrento Cheese Co Inc,11796 Sheldon St,Sun Valley,Los Angeles,CA,91352,818-768-7585,http://www.verniceresendes.com
Dennis N Brager Law Offices Of,7565 Green Valley Rd,Placerville,El Dorado,CA,95667,530-626-6128,http://www.hillaryholmes.com
Fairmount Country Club,10175 Joerschke Dr,Grass Valley,Nevada,CA,95945,530-477-7396,http://www.robinschartz.com
Americold,2701 E Thomas Rd  #-j,Phoenix,Maricopa,AZ,85016,602-954-6266,http://www.sabrinadeppert.com
Currier Gallery Of Art,435 Mira Vista Ter,Pasadena,Los Angeles,CA,91105,626-792-5166,http://www.lucianotruiolo.com
Ace Pro Pest Cntrl Inc,10 Rogers St,Cambridge,Middlesex,MA,2142,617-494-3365,http://www.ezekielmildon.com
Northbrook Flowers,1150 Nw 72nd Ave  #-333,Miami,Miami-Dade,FL,33126,305-477-7089,http://www.hannacinkan.com
Paper Stock Dealers Inc,1525 E 53rd St,Chicago,Cook,IL,60615,312-753-2693,http://www.korywooldridge.com
"Brickman, Arthur Cpa",2800 4th St N,Saint Petersburg,Pinellas,FL,33704,727-821-5104,http://www.darrelruffins.com
"Steindel, Carl R Md",964 E Saint Francis St,Brownsville,Cameron,TX,78520,956-541-9021,http://www.mirandahammitt.com
Port City Taxi Inc,2659 Webster Ave,Bronx,Bronx,NY,10458,718-365-5353,http://www.sadierowlett.com
Centerville Historical Society,264 Broadway,Jersey City,Hudson,NJ,7306,201-433-3619,http://www.deannagerbi.com
Paul D Friedman,577 Township Road  #-30s,Ada,Hardin,OH,45810,419-634-5733,http://www.alfonsogriglen.com
Atlas Metal Cutting Inc,321 Watson St,Ripon,Fond du Lac,WI,54971,920-748-3703,http://www.vernonengelman.com
"Roberts, James A Cpa",2910 E La Cresta Ave,Anaheim,Orange,CA,92806,714-632-7337,http://www.johnnierheaves.com
"Davis, Randle S Esq",2640 Junction Hwy,Kerrville,Kerr,TX,78028,830-367-9231,http://www.ellapahnke.com
Guy Spradling,5201 Hanawalt Dr,El Paso,El Paso,TX,79903,915-772-2346,http://www.veronicaachorn.com
"Pettine, Paul A Iii",5603 Arapahoe Ave,Boulder,Boulder,CO,80303,303-440-2452,http://www.kaseynguyen.com
"Oliver, Jerrold B Esq",104 North St,Stamford,Fairfield,CT,6902,203-975-4688,http://www.frankiemorein.com
Delvel Chem Co,221 E 59th St,New York,New York,NY,10022,212-826-2043,http://www.elainerenzi.com
Snyder Chevrolet Olds Geo Co,800 E Dimond Blvd,Anchorage,Anchorage,AK,99515,907-344-4086,http://www.timothyjanski.com
"Josel, Stephen C Esq",4600 S 1st St,Abilene,Taylor,TX,79605,325-691-7394,http://www.warrenhacher.com
"Cody, Daniel S Esq",8250 Tyler Blvd,Mentor,Lake,OH,44060,440-974-7476,http://www.brantdarnel.com
Berry Naturipe Growers,39 W 21st St,Northampton,Northampton,PA,18067,610-262-6836,http://www.mararineheart.com
Cook Vetter Doerhoff,501 N I  #-h35,Austin,Travis,TX,78702,512-477-1407,http://www.karenflierl.com
Dorfman Abrams Music & Co,248 Libby St,Honolulu,Honolulu,HI,96819,808-841-9646,http://www.virgilchinni.com
Oregon Pacific Trading Co,279 Puuhale Rd,Honolulu,Honolulu,HI,96819,808-841-1772,http://www.jimmiekertzman.com
"Hislop, Lorna Brumfield Esq",91246 Oihana St,Kapolei,Honolulu,HI,96707,808-682-2789,http://www.leifbachta.com
Tweedy Penney & Crawford,94210 Pupukahi St  #-201a,Waipahu,Honolulu,HI,96797,808-671-3048,http://www.ionekucera.com
Airlifter,211 E 50th St,New York,New York,NY,10022,212-759-7548,http://www.doreensakurai.com
New Era Canning Co,5150 Town Center Cir,Boca Raton,Palm Beach,FL,33486,561-395-7825,http://www.joelnardo.com
Smith Capital Management,521 5th Ave,New York,New York,NY,10175,212-537-1181,http://www.neilbackus.com
"Donohue, Brian C Esq",200 Stuart St,Boston,Suffolk,MA,2116,617-451-2136,http://www.faustomarks.com
Stationers Inc,Tilton Rd,Danville,Vermilion,IL,61832,217-443-6382,http://www.christabodenschatz.com
E & T Screw Machine Products,4300 N Miller Rd  #-143,Scottsdale,Maricopa,AZ,85251,480-946-1657,http://www.chigreenlaw.com
Ames Plumbing & Heating,1801 E 5th Ave,Anchorage,Anchorage,AK,99501,907-272-7109,http://www.kyleferri.com
Fun Discovery Inc,117 Martin Luther King Jr Dr S,Atlanta,Fulton,GA,30303,404-521-3223,http://www.freidamichelfelder.com
"Medlin, Charles K Jr",480 W Pearl Ave,Jackson,Teton,WY,83001,307-733-6041,http://www.bryantbouliouris.com
Buckeye Reserve Title,14651 Dallas Pky,Dallas,Dallas,TX,75240,214-702-4766,http://www.emiliaoxley.com
Oak Brook Capital Corp,13456 Se 27th Pl,Bellevue,King,WA,98005,425-641-5923,http://www.naomimcraven.com
Pepsi Cola Dr Pepper Bottling,77 S Washington St  #-207,Rockville,Montgomery,MD,20850,301-294-7523,http://www.dionneborycz.com
Howard Johnson,8253 Ronson Rd,San Diego,San Diego,CA,92111,858-268-4964,http://www.jimmyhrobsky.com
Steritek Inc,Rt 20,Westfield,Hampden,MA,1085,413-543-3805,http://www.peggyhohlstein.com
"Lawson, John F Esq",8300 Bell Ter,Newburgh,Warrick,IN,47630,812-477-3646,http://www.genevievekekiwi.com
"Beach, Jeffrey E",60 Minute Photo Colormax,Evansville,Vanderburgh,IN,47715,812-477-9617,http://www.terraplagge.com
"Asher, Ronald L Md",501 N Weinbach Ave,Evansville,Vanderburgh,IN,47711,812-477-4604,http://www.alliepumphrey.com
Kgtv Channel 10,590 N 2nd E,Mountain Home,Elmore,ID,83647,208-587-5574,http://www.katinasurvant.com
"Wirth, John T Esq",2929 W Kennewick Ave,Kennewick,Benton,WA,99336,509-735-9193,http://www.martawarran.com
Granite Corporation,600 Las Colinas Blvd E,Irving,Dallas,TX,75039,972-556-0801,http://www.rebekahlindboe.com
Good Neighbor Real Estate,1301 Dublin Rd,Columbus,Franklin,OH,43215,614-487-4227,http://www.roxievarenhorst.com
"Kirschbaum, Thomas A Esq",2080 Peachtree Industrial Ct,Atlanta,Dekalb,GA,30341,770-455-6746,http://www.kennithpeto.com
"Harris, James P Iii",64 W Convenient,Apex,Wake,NC,27502,919-362-7475,http://www.darrellamrich.com
Saint Charles Catv,501 S Johnstone Ave,Bartlesville,Washington,OK,74003,918-337-4947,http://www.savannahloffier.com
"Heil, John P Esq",680 Country W,Sylva,Jackson,NC,28779,828-586-8059,http://www.martincarley.com
Buy & Sell Press,1 Palmer Sq,Princeton,Mercer,NJ,8542,609-683-0649,http://www.lacyhyten.com
"Clark, Francis J",6858 S Ashland Ave,Chicago,Cook,IL,60636,773-436-2636,http://www.forestorea.com
Beymers Jewelry,145 W 6th Ave,Anchorage,Anchorage,AK,99501,907-279-2025,http://www.courtneyshishido.com
Monsanto Chemical Company,45 W 46th St,New York,New York,NY,10036,212-944-9464,http://www.annettefrietas.com
"Maslen, David Esq",2318 N Galloway Ave,Mesquite,Dallas,TX,75150,972-289-3319,http://www.karynjinks.com
Letterguide Co,W 1st St,East Liverpool,Columbiana,OH,43920,330-385-9959,http://www.edwinlavelli.com
California Paint & Wlpaper Str,Box #-4038,Modesto,Stanislaus,CA,95352,209-525-4389,http://www.jimmiebarninger.com
"Keil, James J Esq",1350 Campus Pky,Neptune,Monmouth,NJ,7753,732-938-7237,http://www.merlewyrosdick.com
Security Marketing Agency,1800 Airport Way,Fairbanks,Fairbanks North Star,AK,99701,907-456-7535,http://www.ameliacaputo.com
Alloy Founders,2301 S Cushman St,Fairbanks,Fairbanks North Star,AK,99701,907-456-9261,http://www.germainebruski.com
Gutmann Leather Co Inc,2110 Peger Rd,Fairbanks,Fairbanks North Star,AK,99709,907-456-2187,http://www.willadutt.com
Continental Baking Co,3679 College Rd,Fairbanks,Fairbanks North Star,AK,99709,907-456-8467,http://www.cheriefuhri.com
Analysts International Corp,5300 Shawnee Rd,Alexandria,Fairfax,VA,22312,703-354-2554,http://www.tyronquillman.com
"Marriott, Frank Jr",6927 Old Seward Hwy,Anchorage,Anchorage,AK,99518,907-349-4449,http://www.charitydyckman.com
Sheraton Society Hill Hotel,52 S 2nd St,Easton,Northampton,PA,18042,610-250-4334,http://www.nanetteturansky.com
"Varda, John Duncan Esq",21603 Devonshire St,Chatsworth,Los Angeles,CA,91311,818-718-7339,http://www.cherieschronce.com
Sensor Oil And Gas Inc,905 Brooks Ave,Holland,Ottawa,MI,49423,616-392-0226,http://www.theronhambright.com
Action Nursing Care Llc,2101 Claremont Ave Ne,Albuquerque,Bernalillo,NM,87107,505-881-3771,http://www.lauriebibbs.com
"Reagan, William L Esq",3220 E 26th St,Los Angeles,Los Angeles,CA,90023,323-262-8693,http://www.angeloferentz.com
Insight Cablevision,5770 Morehouse Dr,San Diego,San Diego,CA,92121,858-457-0465,http://www.denvertopete.com
"Schaff, Michael D Esq",1166 Arroyo St,San Fernando,Los Angeles,CA,91340,818-361-7493,http://www.tommiereuland.com
American Processing Co Inc,2770 Walden Ave,Buffalo,Erie,NY,14225,716-874-3467,http://www.delmerdelucas.com
Search South Inc,3 E 4th St,Cincinnati,Hamilton,OH,45202,513-784-5275,http://www.latishabahls.com
"Casebolt, Victor S Esq",701 S 17th St,Philadelphia,Philadelphia,PA,19146,215-732-8257,http://www.simonelundie.com
Hoover Group Inc,710 S Illinois Ave,Carbondale,Jackson,IL,62901,618-453-6144,http://www.rossspurger.com
Wernsing Plumbing & Heating,2457 Perkiomen Ave,Reading,Berks,PA,19606,610-370-0856,http://www.abeltuter.com
Nurses Organization Vets Affrs,1727 Nw 79th Ave,Miami,Miami-Dade,FL,33126,305-591-7751,http://www.beverleybunche.com
Salerno & Son,78 Faunce Corner Rd,North Dartmouth,Bristol,MA,2747,508-997-9846,http://www.lizzietorregrossa.com
Carterville Mini Storage,2500 Maitland Center Pky,Maitland,Orange,FL,32751,407-660-7628,http://www.tianeumaier.com
Lutz Cichy Selig & Zeronda,1119 N Bodine St,Philadelphia,Philadelphia,PA,19123,215-923-9492,http://www.lesachantry.com
Moraschs Quality Meats,76 Mall Comp,Branson,Taney,MO,65616,417-336-2664,http://www.marceloarostegui.com
Prosthodontic Associates,305 E 47th St,New York,New York,NY,10017,212-980-6914,http://www.jimmiehardgrove.com
Pexco Packaging Corp,1716 Rt 77,Attica,Wyoming,NY,14011,585-591-9104,http://www.renaeeldrige.com
Paroly Rampart Sec Systems,77 W Huron St,Chicago,Cook,IL,60610,312-642-2664,http://www.tishagorder.com
"Yaffa, Andrew B Esq",210 W 79th St,Chicago,Cook,IL,60620,773-846-1462,http://www.clariceknower.com
Blvd Distillers & Importers,12 E 7th Ave,York,York,PA,17404,717-845-4736,http://www.sybilmarmerchant.com
Ramada Inn San Fran Arprt N,2877 E Florence Ave,Huntington Park,Los Angeles,CA,90255,323-862-5589,http://www.floydveazey.com
C & R Contractors Inc,85 Long Island Expy,New Hyde Park,Nassau,NY,11040,516-627-9033,http://www.reynabangle.com
"Murtha, Thomas D Esq",2865 Poplar Ave,Memphis,Shelby,TN,38111,901-324-4381,http://www.owensparacino.com
"Shea, David J Esq",825 W Main Ave,Brewster,Okanogan,WA,98812,509-689-1394,http://www.elibettner.com
Khoury Factory Outlet,2000 W 120th Ave,Denver,Adams,CO,80234,303-465-2109,http://www.taylorfogerty.com
First American Rlty Assoc Inc,829 S 14th St,Fernandina Beach,Nassau,FL,32034,904-261-2123,http://www.revalecates.com
Midwest Wrecking Company Inc,1201 34th St N,Saint Petersburg,Pinellas,FL,33713,727-323-5982,http://www.rodrigowildrick.com
Andow Personnel Services,8 Inn Of Americus,Americus,Sumter,GA,31709,229-924-4251,http://www.georgetukis.com
Vasquez & Co,7677 Engineer Rd,San Diego,San Diego,CA,92111,858-571-9047,http://www.titusrodreguez.com
"Hendricks, Kenneth J Cpa",834 Lois Dr,Williamstown,Gloucester,NJ,8094,856-629-3337,http://www.emiliolampkin.com
"Larson, John R Esq",342 Wolverine Way,Sparks,Washoe,NV,89431,775-352-1557,http://www.maryjanearata.com
United Printers Inc,Blanco Rd,San Antonio,Bexar,TX,78216,210-524-1693,http://www.marcieshulz.com
Acra Aerospace Inc,8750 W Bryn Mawr Ave,Chicago,Cook,IL,60631,773-256-2162,http://www.celiaslavin.com
Anchor Graphics Inc,385 Prospect Ave,Hackensack,Bergen,NJ,7601,201-342-9862,http://www.suzettedevaughan.com
"Wenick, George D Esq",2750 Springboro Rd,Dayton,Montgomery,OH,45439,937-293-6782,http://www.christianmarnell.com
Graham & Associates Inc,1808 2nd,Cheney,Spokane,WA,99004,509-235-1856,http://www.mistyericksen.com
Guaranty Chevrolet Geo,500 Sw Loop  #-820,Fort Worth,Tarrant,TX,76115,817-921-5913,http://www.bertschadle.com
Florida Mining & Materials,222 Delaware Ave,Wilmington,New Castle,DE,19801,302-655-4522,http://www.bertramquertermous.com
"Collins, Joseph B Esq",315 Us Rt 1,Fairless Hills,Bucks,PA,19030,215-943-6049,http://www.busterwubbel.com
"Rogers, William A Jr",310 Ridge Rd,Claymont,New Castle,DE,19703,302-792-1282,http://www.mildredgallegas.com
"Jorgensen, James L Esq",30 Matthews Rd,Malvern,Chester,PA,19355,610-644-3252,http://www.pathoshaw.com
"Nako, Joy Y",Route 519,Eighty Four,Washington,PA,15330,724-225-7064,http://www.marshallhutch.com
Coldwell Bnkr Hearthside Rltrs,State Hwy  #-31,Pennington,Mercer,NJ,8534,609-737-2374,http://www.donmestler.com
Metri Tech Engineering Inc,85 S Beachview Dr,Jekyll Island,Glynn,GA,31527,912-635-4039,http://www.emeryreek.com
Tilt Lock Inc,8700 E Pinnacle Peak Rd,Scottsdale,Maricopa,AZ,85255,480-585-4983,http://www.raysrock.com
"Brennan, Mary V Esq",120 Tustin Ave,Newport Beach,Orange,CA,92663,949-646-0043,http://www.nickolaskhosravi.com
Bennett Hallmark Cards,2053 Lemoine Ave,Fort Lee,Bergen,NJ,7024,201-944-3382,http://www.aileenmottern.com
"Christiansen, David L Cpa",536 Grand Ave,Schofield,Marathon,WI,54476,715-359-3579,http://www.chadaraiza.com
Mcintyre Mcintyre & Mcintyre,630 W 8th Ave,Anchorage,Anchorage,AK,99501,907-272-3618,http://www.beverlycambel.com
"Henley, Cal Pa",136 S Riverside Ave,Rialto,San Bernardino,CA,92376,909-874-2594,http://www.janicetwiet.com
Jackson & Collins Pa,700 Sw Higgins Ave,Missoula,Missoula,MT,59803,406-549-4641,http://www.byronfortuna.com
George S Olive & Co,614 W Superior Ave,Cleveland,Cuyahoga,OH,44113,216-566-2299,http://www.lynettesetlock.com
Nakamura Oyama & Assocs Inc,9 5officce Product Cent,Arlington,Tarrant,TX,76012,817-265-0322,http://www.willardroughen.com
"Alexander, Christine T Esq",1805 Kings Hwy,Brooklyn,Kings,NY,11229,718-627-9346,http://www.elisagracely.com
"Regan, Denis J Esq",16133 Ventura Blvd  #-700,Encino,Los Angeles,CA,91436,818-986-6786,http://www.jerifarstvedt.com
"Schechter, Jeffrey S Esq",136 S Riverside Ave,Rialto,San Bernardino,CA,92376,909-874-8538,http://www.staceyblow.com
All N All Shop,90 Hackensack St,East Rutherford,Bergen,NJ,7073,201-939-9079,http://www.bryanrovell.com
Utility Trailer Sales,7700 N Council Rd,Oklahoma City,Oklahoma,OK,73132,405-728-5244,http://www.joeybolick.com