id,first_name,last_name,phone1,phone2,email_address
1,Essie,Vaill,907-345-0962,907-345-1215,essie@vaill.com
2,Cruz,Roudabush,602-252-4827,602-252-4009,cruz@roudabush.com
3,Billie,Tinnes,212-889-5775,212-889-5764,billie@tinnes.com
4,Zackary,Mockus,732-442-0638,732-442-5218,zackary@mockus.com
5,Rosemarie,Fifield,808-836-8966,808-836-6008,rosemarie@fifield.com
6,Bernard,Laboy,815-467-0487,815-467-1244,bernard@laboy.com
7,Sue,Haakinson,602-953-2753,602-953-0355,sue@haakinson.com
8,Valerie,Pou,610-395-8743,610-395-6995,valerie@pou.com
9,Lashawn,Hasty,626-960-6738,626-960-1503,lashawn@hasty.com
10,Marianne,Earman,407-857-0431,407-857-2506,marianne@earman.com
11,Justina,Dragaj,901-327-5336,901-327-2911,justina@dragaj.com
12,Mandy,Mcdonnell,503-371-8219,503-371-1118,mandy@mcdonnell.com
13,Conrad,Lanfear,330-758-0314,330-758-3536,conrad@lanfear.com
14,Cyril,Behen,714-772-5050,714-772-3859,cyril@behen.com
15,Shelley,Groden,210-229-3017,210-229-9757,shelley@groden.com
16,Rosalind,Krenzke,763-537-4194,763-537-3885,rosalind@krenzke.com
17,Davis,Brevard,330-533-6346,330-533-8211,davis@brevard.com
18,Winnie,Reich,915-771-2730,915-771-5729,winnie@reich.com
19,Trudy,Worlds,661-257-3083,661-257-0924,trudy@worlds.com
20,Deshawn,Inafuku,361-884-8433,361-884-3985,deshawn@inafuku.com
21,Claudio,Loose,732-442-8514,732-442-1775,claudio@loose.com
22,Sal,Pindell,812-421-4804,812-421-7625,sal@pindell.com
23,Cristina,Sharper,212-719-3952,212-719-0754,cristina@sharper.com
24,Cary,Mccamey,614-225-0900,614-225-1612,cary@mccamey.com
25,Haley,Rocheford,303-689-7729,303-689-5219,haley@rocheford.com
26,Dorothea,Sweem,609-896-5871,609-896-2099,dorothea@sweem.com
27,Fannie,Steese,850-222-8103,850-222-0105,fannie@steese.com
28,Allyson,Gillispie,609-584-1794,609-584-0645,allyson@gillispie.com
29,Roger,Seid,850-422-1535,850-422-8152,roger@seid.com
30,Dollie,Daquino,512-478-9636,512-478-9874,dollie@daquino.com
31,Eva,Seahorn,603-673-6072,603-673-5009,eva@seahorn.com
32,Mamie,Mcintee,707-443-0621,707-443-9147,mamie@mcintee.com
33,Lyndon,Bellerdine,415-705-1956,415-705-2887,lyndon@bellerdine.com
34,Lashonda,Derouen,703-684-3394,703-684-0307,lashonda@derouen.com
35,Jacklyn,Emayo,973-882-3960,973-882-1908,jacklyn@emayo.com
36,Rubin,Crotts,760-327-0337,760-327-0929,rubin@crotts.com
37,Boris,Catino,757-627-8408,757-627-6195,boris@catino.com
38,Jannie,Bowditch,816-765-0961,816-765-3469,jannie@bowditch.com
39,Colin,Altonen,303-292-5477,303-292-4239,colin@altonen.com
40,Kerry,Evertt,407-332-9851,407-332-1718,kerry@evertt.com
41,Kathie,Argenti,218-828-9253,218-828-1401,kathie@argenti.com
42,Henrietta,Cintora,304-743-5440,304-743-7475,henrietta@cintora.com
43,Mariano,Maury,732-388-1579,732-388-9355,mariano@maury.com
44,Lottie,Voll,541-342-7282,541-342-4657,lottie@voll.com
45,Ofelia,Sheffler,805-483-7161,805-483-5693,ofelia@sheffler.com
46,Gaston,Cieloszyk,724-479-0355,724-479-7077,gaston@cieloszyk.com
47,Karla,Ken,815-968-0369,815-968-7904,karla@ken.com
48,Avery,Parbol,503-666-1948,503-666-9241,avery@parbol.com
49,John,Chipley,201-224-7741,201-224-7282,john@chipley.com
50,Luella,Pliner,850-434-2521,850-434-5228,luella@pliner.com
51,Elvira,Blumenthal,319-524-6237,319-524-9435,elvira@blumenthal.com
52,Tyree,Courrege,713-690-9216,713-690-4043,tyree@courrege.com
53,Ramon,Amaral,307-332-2667,307-332-3893,ramon@amaral.com
54,Wilfredo,Gidley,808-924-2610,808-924-7666,wilfredo@gidley.com
55,Gracie,Ehn,808-247-8624,808-247-7982,gracie@ehn.com
56,Dorthy,Alexy,808-247-4421,808-247-7192,dorthy@alexy.com
57,Bertie,Luby,808-247-8062,808-247-2529,bertie@luby.com
58,Rudy,Kuhle,212-628-9987,212-628-1234,rudy@kuhle.com
59,Gale,Nolau,607-277-1567,607-277-6524,gale@nolau.com
60,Kenya,Bruni,201-646-9077,201-646-8526,kenya@bruni.com
61,Tricia,Kruss,515-262-3267,515-262-6264,tricia@kruss.com
62,Mack,Jurasin,540-980-4958,540-980-2978,mack@jurasin.com
63,Margarito,Kornbau,512-478-0371,512-478-4449,margarito@kornbau.com
64,Lucien,Iurato,718-871-7952,718-871-3483,lucien@iurato.com
65,Jarvis,Galas,912-236-8524,912-236-8705,jarvis@galas.com
66,Billie,Cowley,215-548-0842,215-548-4706,billie@cowley.com
67,Jacinto,Gawron,215-297-0120,215-297-5442,jacinto@gawron.com
68,Randall,Kluemper,603-356-3217,603-356-6174,randall@kluemper.com
69,Enrique,Oroark,212-366-5568,212-366-6877,enrique@oroark.com
70,Alva,Pennigton,904-260-2345,904-260-3735,alva@pennigton.com
71,Socorro,Balandran,724-834-6908,724-834-8831,socorro@balandran.com
72,Nadia,Wilshire,608-788-4965,608-788-5946,nadia@wilshire.com
73,Reginald,Humes,603-569-7730,603-569-8142,reginald@humes.com
74,Lynda,Caraway,215-564-3171,215-564-2241,lynda@caraway.com
75,Saundra,Mcaulay,419-433-5558,419-433-9756,saundra@mcaulay.com
76,Allan,Schwantd,503-434-9666,503-434-3863,allan@schwantd.com
77,Wilmer,Constantineau,541-345-4729,541-345-4884,wilmer@constantineau.com
78,Savannah,Kesich,435-645-0986,435-645-9504,savannah@kesich.com
79,Dwain,Cuttitta,202-265-7854,202-265-9475,dwain@cuttitta.com
80,Krystle,Stika,281-537-5324,281-537-3235,krystle@stika.com
81,Felipe,Gould,228-875-2811,228-875-6402,felipe@gould.com
82,Steve,Schorr,808-842-7045,808-842-7338,steve@schorr.com
83,Naomi,Caetano,201-569-3572,201-569-5795,naomi@caetano.com
84,Melody,Saddat,402-397-0581,402-397-8391,melody@saddat.com
85,Mitchel,Harnar,307-632-0256,307-632-2516,mitchel@harnar.com
86,Sharlene,Circelli,509-783-5167,509-783-7346,sharlene@circelli.com
87,Sean,Bonnet,708-474-4766,708-474-0011,sean@bonnet.com
88,Travis,Brockert,602-995-1362,602-995-0966,travis@brockert.com
89,Candice,Bruckman,515-332-0809,515-332-9083,candice@bruckman.com
90,Mabel,Weeden,972-235-5619,972-235-1843,mabel@weeden.com
91,Armando,Papik,501-376-4154,501-376-0608,armando@papik.com
92,Kevin,Edd,401-453-8514,401-453-7085,kevin@edd.com
93,Raphael,Bickel,818-246-1195,818-246-4734,raphael@bickel.com
94,Darren,Merlin,217-428-0453,217-428-1491,darren@merlin.com
95,Francis,Soo,608-269-7306,608-269-3359,francis@soo.com
96,Nelly,Jakuboski,203-438-9250,203-438-5109,nelly@jakuboski.com
97,Mitzi,Ihenyen,212-838-8303,212-838-3221,mitzi@ihenyen.com
98,Kathleen,Beresnyak,650-349-6809,650-349-5962,kathleen@beresnyak.com
99,Adela,Cervantsz,205-755-4137,205-755-1034,adela@cervantsz.com
100,Randal,Gansen,585-238-8558,585-238-7764,randal@gansen.com
101,Alyssa,Biasotti,845-343-1878,845-343-5354,alyssa@biasotti.com
102,Janet,Schaffter,219-853-9283,219-853-9329,janet@schaffter.com
103,Armando,Kolm,864-260-3642,864-260-9205,armando@kolm.com
104,Gil,Scarpa,570-459-9281,570-459-5191,gil@scarpa.com
105,Vanessa,Lewallen,740-625-8098,740-625-1696,vanessa@lewallen.com
106,Burton,Brining,330-262-5481,330-262-7555,burton@brining.com
107,Rosalie,Krigger,845-343-2313,845-343-2979,rosalie@krigger.com
108,Tammie,Schwartzwalde,740-532-5488,740-532-0319,tammie@schwartzwalde.com
109,Darrin,Neiss,309-852-5127,309-852-8638,darrin@neiss.com
110,Rosalia,Kennemur,318-335-5586,318-335-1873,rosalia@kennemur.com
111,Callie,Leboeuf,989-354-3344,989-354-3712,callie@leboeuf.com
112,Patty,Bernasconi,808-531-2621,808-531-6234,patty@bernasconi.com
113,Elmo,Gabouer,215-862-6538,215-862-7006,elmo@gabouer.com
114,Logan,Muhl,215-757-6124,215-757-2785,logan@muhl.com
115,Vivian,Brzostowski,215-788-2791,215-788-3902,vivian@brzostowski.com
116,Efren,Baucher,215-598-4644,215-598-5929,efren@baucher.com
117,Kurtis,Mcbay,215-946-6048,215-946-6458,kurtis@mcbay.com
118,Guillermo,Tsang,215-949-7912,215-949-8919,guillermo@tsang.com
119,Milton,Kuhlman,870-836-9021,870-836-2283,milton@kuhlman.com
120,Naomi,Greenly,256-845-1216,256-845-2469,naomi@greenly.com
121,Mary,Maurizio,419-822-7176,419-822-0591,mary@maurizio.com
122,Caitlin,Reiniger,419-468-6910,419-468-9018,caitlin@reiniger.com
123,Coleman,Cuneo,724-627-4378,724-627-2305,coleman@cuneo.com
124,Rachel,Larrison,440-282-3729,440-282-6918,rachel@larrison.com
125,Dwayne,Maddalena,309-347-1137,309-347-9282,dwayne@maddalena.com
126,Angelique,Schermerhorn,386-328-7869,386-328-1499,angelique@schermerhorn.com
127,Junior,Wadlinger,330-393-9794,330-393-6808,junior@wadlinger.com
128,Darrel,Tork,708-865-8091,708-865-8984,darrel@tork.com
129,Lana,Garrigus,503-434-2642,503-434-8121,lana@garrigus.com
130,Jonathon,Waldall,843-549-9461,843-549-0125,jonathon@waldall.com
131,Kristine,Paker,641-782-7169,641-782-7962,kristine@paker.com
132,Dwain,Agricola,270-259-5194,270-259-0821,dwain@agricola.com
133,Jewel,Agresta,708-449-7139,708-449-2963,jewel@agresta.com
134,Georgette,Bandyk,804-796-2746,804-796-5351,georgette@bandyk.com
135,Geri,Forness,812-738-9416,812-738-4816,geri@forness.com
136,Modesto,Scroggie,908-980-5621,908-980-9842,modesto@scroggie.com
137,Curt,Menedez,813-932-8602,813-932-4548,curt@menedez.com
138,Karen,Zombo,813-872-4288,813-872-8262,karen@zombo.com
139,Lora,Lendor,407-870-0382,407-870-6229,lora@lendor.com
140,Felipe,Mahone,808-536-3239,808-536-1231,felipe@mahone.com
141,Rosalyn,Daulton,973-338-8552,973-338-1603,rosalyn@daulton.com
142,Marquita,Bousman,845-986-0909,845-986-2447,marquita@bousman.com
143,Carla,Sirbaugh,310-412-6653,310-412-1067,carla@sirbaugh.com
144,Wes,Fontanella,310-515-3065,310-515-2515,wes@fontanella.com
145,Meredith,Ivrin,217-446-7172,217-446-2369,meredith@ivrin.com
146,Laurie,Bigg,586-247-6171,586-247-9791,laurie@bigg.com
147,Barton,Friesner,845-896-6652,845-896-1692,barton@friesner.com
148,Sophie,Langner,808-545-7695,808-545-8636,sophie@langner.com
149,Garfield,Lijewski,773-976-3827,773-976-5586,garfield@lijewski.com
150,Warren,Speach,908-322-3846,908-322-6744,warren@speach.com
151,Madonna,Cosby,415-956-4437,415-956-5134,madonna@cosby.com
152,Valeria,Lingbeek,215-968-8421,215-968-1567,valeria@lingbeek.com
153,Heath,Vanalphen,508-487-6010,508-487-0597,heath@vanalphen.com
154,Marisa,Woldridge,301-759-7421,301-759-9676,marisa@woldridge.com
155,Rene,Dummermuth,973-292-7918,973-292-5898,rene@dummermuth.com
156,Helga,Windle,808-487-7779,808-487-6258,helga@windle.com
157,Margot,Arenburg,407-896-1593,407-896-6679,margot@arenburg.com
158,Sheila,Holloran,419-547-9428,419-547-4835,sheila@holloran.com
159,Melinda,Carleton,631-399-1636,631-399-6025,melinda@carleton.com
160,Ike,Zeolla,202-331-1409,202-331-7781,ike@zeolla.com
161,Elmo,Dagenais,804-796-5647,804-796-9493,elmo@dagenais.com
162,Valentine,Granberry,407-775-4269,407-775-0598,valentine@granberry.com
163,Waldo,Sisk,727-934-3827,727-934-7181,waldo@sisk.com
164,Robt,Braithwaite,641-342-1276,641-342-6031,robt@braithwaite.com
165,Corinne,Cowan,406-628-4030,406-628-9418,corinne@cowan.com
166,Rebeca,Brumet,773-772-4015,773-772-1603,rebeca@brumet.com
167,Lynn,Saulsberry,602-272-8326,602-272-3143,lynn@saulsberry.com
168,Hannah,Facio,706-283-8280,706-283-6916,hannah@facio.com
169,Benjamin,Schkade,907-278-8687,907-278-7166,benjamin@schkade.com
170,Athena,Fontanilla,215-438-9675,215-438-1716,athena@fontanilla.com
171,Alene,Rabeck,708-333-8056,708-333-2125,alene@rabeck.com
172,Yvette,Kokoska,650-468-3592,650-468-7716,yvette@kokoska.com
173,Petra,Clemmens,561-394-2152,561-394-1574,petra@clemmens.com
174,Carmel,Overfelt,561-965-5167,561-965-1433,carmel@overfelt.com
175,Danette,Fostervold,408-225-1319,408-225-5205,danette@fostervold.com
176,Vince,Ettel,402-399-6999,402-399-6478,vince@ettel.com
177,Davis,Heideman,817-332-7902,817-332-5439,davis@heideman.com
178,Bradly,Hasselvander,310-374-2374,310-374-2363,bradly@hasselvander.com
179,Nathanial,Phoenix,405-748-7637,405-748-1856,nathanial@phoenix.com
180,Lamar,Mckibben,415-864-7338,415-864-7623,lamar@mckibben.com
181,Shanna,Numkena,507-280-1856,507-280-6844,shanna@numkena.com
182,Helena,Suermann,650-965-0255,650-965-3368,helena@suermann.com
183,Delphine,Helmich,831-763-4348,831-763-0923,delphine@helmich.com
184,Barbara,Hindley,818-841-8886,818-841-8221,barbara@hindley.com
185,Sheryl,Sisofo,419-865-8702,419-865-1836,sheryl@sisofo.com
186,Robyn,Christophel,702-458-1072,702-458-2093,robyn@christophel.com
187,Gayla,Geimer,909-620-6453,909-620-2768,gayla@geimer.com
188,Evan,Pyfrom,214-661-4625,214-661-8804,evan@pyfrom.com
189,Chad,Miklas,716-655-2736,716-655-2749,chad@miklas.com
190,Trey,Tout,715-526-6806,715-526-2421,trey@tout.com
191,Isabell,Armout,301-921-0406,301-921-1251,isabell@armout.com
192,Alejandro,Mascall,703-684-2882,703-684-8561,alejandro@mascall.com
193,Kennith,Kirklin,615-385-1598,615-385-6946,kennith@kirklin.com
194,Ike,Benthin,415-255-5277,415-255-6543,ike@benthin.com
195,Donald,Sherretts,415-255-7718,415-255-7088,donald@sherretts.com
196,Lina,Hybarger,202-833-4983,202-833-3174,lina@hybarger.com
197,Rebekah,Padley,312-944-1877,312-944-1477,rebekah@padley.com
198,Marion,Gaulden,434-979-9335,434-979-2694,marion@gaulden.com
199,Maurine,Monroy,201-947-8922,201-947-4235,maurine@monroy.com
200,Rosanna,Sandrock,404-627-4604,404-627-4276,rosanna@sandrock.com
201,Marcelino,Maggs,407-420-1152,407-420-7195,marcelino@maggs.com
202,Florine,Willardson,503-256-6559,503-256-8982,florine@willardson.com
203,Jude,Haza,615-790-3984,615-790-3042,jude@haza.com
204,Eldon,Sutch,215-743-2414,215-743-2529,eldon@sutch.com
205,Lashonda,Enote,818-704-8490,818-704-7539,lashonda@enote.com
206,Marla,Folz,256-464-3329,256-464-6964,marla@folz.com
207,Reginald,Lunan,408-727-1747,408-727-0884,reginald@lunan.com
208,Kyle,Lindauer,602-258-5196,602-258-8609,kyle@lindauer.com
209,Son,Marschke,570-969-0886,570-969-8176,son@marschke.com
210,Johnie,Minaai,201-592-4771,201-592-8423,johnie@minaai.com
211,Kelli,Varrato,858-298-3969,858-298-6695,kelli@varrato.com
212,Neva,Marsell,320-523-4975,320-523-8378,neva@marsell.com
213,Brice,Hedglin,615-292-9016,615-292-9027,brice@hedglin.com
214,Terrance,Nimmer,248-647-0653,248-647-1999,terrance@nimmer.com
215,Carol,Krisman,212-472-7877,212-472-9579,carol@krisman.com
216,Dollie,Pillitteri,260-489-3094,260-489-4697,dollie@pillitteri.com
217,Mellissa,Sule,949-768-6176,949-768-8107,mellissa@sule.com
218,Antony,Thierauf,208-667-5252,208-667-5935,antony@thierauf.com
219,Reina,Reisenauer,972-225-9930,972-225-9569,reina@reisenauer.com
220,Zane,Sulikowski,951-683-4479,951-683-9932,zane@sulikowski.com
221,Hilario,Cassa,310-828-6710,310-828-1895,hilario@cassa.com
222,Veronica,Radman,434-979-3306,434-979-9777,veronica@radman.com
223,Teri,Erlewine,727-327-3850,727-327-8494,teri@erlewine.com
224,Alissa,Mountjoy,707-585-9715,707-585-7011,alissa@mountjoy.com
225,Helene,Iberg,440-786-6052,440-786-9246,helene@iberg.com
226,Lona,Scronce,570-296-4820,570-296-2054,lona@scronce.com
227,Jeremy,Lampi,570-296-7797,570-296-4647,jeremy@lampi.com
228,Mitch,Schattner,415-668-8105,415-668-5841,mitch@schattner.com
229,Hans,Carlan,907-276-2956,907-276-6002,hans@carlan.com
230,Concetta,Sarchett,816-274-3833,816-274-6897,concetta@sarchett.com
231,Isaac,Zackery,973-328-5943,973-328-1903,isaac@zackery.com
232,Doug,Matrisciano,425-451-5906,425-451-1273,doug@matrisciano.com
233,Devon,Samrah,407-240-2401,407-240-8312,devon@samrah.com
234,Amos,Linnan,773-277-8332,773-277-4756,amos@linnan.com
235,Manuel,Dienhart,513-357-4669,513-357-7989,manuel@dienhart.com
236,Audra,Cantu,908-756-1816,908-756-5441,audra@cantu.com
237,Keisha,Ransonet,907-488-6897,907-488-2093,keisha@ransonet.com
238,Rolando,Baumann,503-241-6723,503-241-7691,rolando@baumann.com
239,Maryanne,Whyman,213-748-1137,213-748-0447,maryanne@whyman.com
240,Kurtis,Asberry,915-591-1621,915-591-3614,kurtis@asberry.com
241,Ed,Gompf,570-799-2838,570-799-4583,ed@gompf.com
242,Norman,Betance,480-991-7884,480-991-6547,norman@betance.com
243,Berta,Karczewski,480-926-0770,480-926-7533,berta@karczewski.com
244,Mac,Marksberry,402-845-4275,402-845-8229,mac@marksberry.com
245,Sandra,Graen,320-587-3844,320-587-7201,sandra@graen.com
246,Lee,Javens,262-763-9582,262-763-3845,lee@javens.com
247,Fran,Zanders,208-525-6418,208-525-5501,fran@zanders.com
248,Lane,Brantz,320-587-2903,320-587-3448,lane@brantz.com
249,Bess,Marso,714-895-4582,714-895-8188,bess@marso.com
250,Tamara,Declue,713-871-3958,713-871-6355,tamara@declue.com
251,Denise,Speegle,847-870-8743,847-870-6026,denise@speegle.com
252,Lynda,Youtsey,541-342-0606,541-342-0655,lynda@youtsey.com
253,Diann,Burigsay,310-321-8278,310-321-0564,diann@burigsay.com
254,Mari,Hwang,949-583-6901,949-583-7758,mari@hwang.com
255,Shanna,Neundorfer,215-426-9722,215-426-8416,shanna@neundorfer.com
256,Sherwood,Detillier,818-703-9160,818-703-0447,sherwood@detillier.com
257,Walton,Schwallie,508-529-8783,508-529-8368,walton@schwallie.com
258,Judy,Gartenmayer,321-676-3091,321-676-3378,judy@gartenmayer.com
259,Antione,Mccleary,701-293-8410,701-293-7439,antione@mccleary.com
260,Kay,Ganguli,702-876-3089,702-876-9367,kay@ganguli.com
261,Oma,Duffy,937-746-7537,937-746-4129,oma@duffy.com
262,Devon,Teston,713-871-9773,713-871-0838,devon@teston.com
263,Jade,Erlebach,805-445-8331,805-445-9961,jade@erlebach.com
264,Roseann,Jerko,856-866-4945,856-866-1542,roseann@jerko.com
265,Ruthie,Zortman,510-651-1410,510-651-1242,ruthie@zortman.com
266,Leif,Arguin,510-651-4937,510-651-8302,leif@arguin.com
267,Millicent,Ekstrom,812-537-7287,812-537-5442,millicent@ekstrom.com
268,Val,Oborne,818-767-1347,818-767-5123,val@oborne.com
269,Bridgett,Retort,713-466-7259,713-466-3278,bridgett@retort.com
270,Tia,Lino,541-466-2483,541-466-1661,tia@lino.com
271,Jarrett,Kenzie,804-739-3007,804-739-7905,jarrett@kenzie.com
272,Mara,Vanderzwaag,409-892-1231,409-892-8492,mara@vanderzwaag.com
273,Tiffany,Knust,408-453-0357,408-453-1525,tiffany@knust.com
274,Fabian,Mcshaw,323-726-5319,323-726-8499,fabian@mcshaw.com
275,Annabelle,Coger,318-865-8418,318-865-7381,annabelle@coger.com
276,Marisa,Smiler,631-673-3339,631-673-1556,marisa@smiler.com
277,Samantha,Bordwell,305-247-8402,305-247-4599,samantha@bordwell.com
278,Felecia,Riedl,801-486-6484,801-486-6755,felecia@riedl.com
279,Kris,Persson,541-475-8404,541-475-0021,kris@persson.com
280,Kylie,Bridgeman,412-741-4604,412-741-4236,kylie@bridgeman.com
281,Eduardo,Bellendir,570-822-0721,570-822-6267,eduardo@bellendir.com
282,Waldo,Edberg,662-842-4133,662-842-8645,waldo@edberg.com
283,Brent,Vaidya,203-359-2824,203-359-6466,brent@vaidya.com
284,Bette,Barcelona,907-456-6738,907-456-4144,bette@barcelona.com
285,Rich,Gleave,907-277-9294,907-277-2227,rich@gleave.com
286,Lyman,Whittley,415-332-9570,415-332-7303,lyman@whittley.com
287,Maryann,Garnette,717-560-6671,717-560-5625,maryann@garnette.com
288,Jimmie,Zarzycki,719-632-0667,719-632-5612,jimmie@zarzycki.com
289,Gisela,Kosicki,818-713-6306,818-713-8346,gisela@kosicki.com
290,Marlene,Hammeren,256-533-8674,256-533-1176,marlene@hammeren.com
291,Kris,Stanzak,563-557-2588,563-557-6308,kris@stanzak.com
292,Roman,Simone,513-732-3089,513-732-2547,roman@simone.com
293,Cathryn,Nicolaus,530-345-4627,530-345-8372,cathryn@nicolaus.com
294,Lana,Keels,732-462-1106,732-462-3575,lana@keels.com
295,Malissa,Ziesemer,561-655-6443,561-655-9129,malissa@ziesemer.com
296,Pamala,Brodtmann,808-926-0776,808-926-6173,pamala@brodtmann.com
297,Heriberto,Tivis,919-460-8104,919-460-4304,heriberto@tivis.com
298,Edgardo,Prudente,972-660-3960,972-660-0934,edgardo@prudente.com
299,Fred,Kunde,805-991-9740,805-991-4665,fred@kunde.com
300,Pilar,Suddeth,949-852-5463,949-852-9027,pilar@suddeth.com
301,Eliseo,Wice,512-458-0034,512-458-7226,eliseo@wice.com
302,Bridget,Knightly,828-251-0817,828-251-4242,bridget@knightly.com
303,Tori,Villaescusa,213-748-7617,213-748-5668,tori@villaescusa.com
304,Claire,Moyerman,303-337-5701,303-337-5796,claire@moyerman.com
305,Judi,Kivel,316-267-2178,316-267-5183,judi@kivel.com
306,Terrell,Rodda,732-563-5361,732-563-1293,terrell@rodda.com
307,Jasmin,Gum,978-562-2524,978-562-5062,jasmin@gum.com
308,Bridget,Bottella,210-224-9708,210-224-4881,bridget@bottella.com
309,Tami,Trybus,513-561-1096,513-561-7531,tami@trybus.com
310,Maynard,Kaewprasert,213-747-6026,213-747-3088,maynard@kaewprasert.com
311,Viola,Mcsorley,708-496-7428,708-496-8587,viola@mcsorley.com
312,Reggie,Streu,973-575-5898,973-575-9328,reggie@streu.com
313,Rena,Griffeth,818-709-9165,818-709-2649,rena@griffeth.com
314,Pierre,Salera,626-303-9233,626-303-2569,pierre@salera.com
315,Carolina,Kinlaw,908-874-0864,908-874-4873,carolina@kinlaw.com
316,Alejandra,Prenatt,708-496-6958,708-496-4617,alejandra@prenatt.com
317,Quintin,Isacson,323-469-0643,323-469-3082,quintin@isacson.com
318,Robin,Grotz,903-792-2081,903-792-5309,robin@grotz.com
319,Lacy,Woodfin,570-348-3754,570-348-4204,lacy@woodfin.com
320,Daniel,Zill,818-507-7207,818-507-1925,daniel@zill.com
321,Reina,Wolchesky,218-828-7281,218-828-3231,reina@wolchesky.com
322,Marc,Wanger,617-426-6393,617-426-1114,marc@wanger.com
323,Damion,Matkin,303-295-4797,303-295-3867,damion@matkin.com
324,Lucius,Winchester,630-289-9458,630-289-9033,lucius@winchester.com
325,Petra,Mcnichol,630-289-8190,630-289-8985,petra@mcnichol.com
326,Katina,Ramano,718-272-2553,718-272-8498,katina@ramano.com
327,Leslie,Cackowski,505-325-3933,505-325-9042,leslie@cackowski.com
328,Cristopher,Wiget,505-598-9742,505-598-3063,cristopher@wiget.com
329,Garth,Skiffington,973-684-7654,973-684-6309,garth@skiffington.com
330,Brendan,Qin,478-374-5686,478-374-6992,brendan@qin.com
331,Chase,Furler,785-354-7091,785-354-3042,chase@furler.com
332,Marietta,Bjornberg,406-728-0501,406-728-5507,marietta@bjornberg.com
333,Carmella,Wishman,406-728-6772,406-728-7668,carmella@wishman.com
334,Erica,Eyrich,406-728-7293,406-728-4789,erica@eyrich.com
335,Lucius,Bagnoli,812-867-2916,812-867-2593,lucius@bagnoli.com
336,Bart,Hachey,330-533-9769,330-533-6543,bart@hachey.com
337,Isiah,Phernetton,631-727-0917,631-727-2147,isiah@phernetton.com
338,Morton,Crummell,303-546-3698,303-546-1589,morton@crummell.com
339,Prince,Kauk,623-581-7435,623-581-2472,prince@kauk.com
340,Marta,Horner,858-265-2270,858-265-6604,marta@horner.com
341,Teodoro,Gaboury,330-783-8123,330-783-9674,teodoro@gaboury.com
342,Jess,Assad,402-331-0470,402-331-4974,jess@assad.com
343,Freeman,Soula,479-394-6308,479-394-7509,freeman@soula.com
344,Rita,Center,337-269-8825,337-269-7011,rita@center.com
345,Kira,Papen,619-464-3649,619-464-8499,kira@papen.com
346,Miquel,Demicco,303-730-8080,303-730-8087,miquel@demicco.com
347,William,Mahmud,516-365-3496,516-365-0493,william@mahmud.com
348,Lacy,Belmont,914-241-8888,914-241-2272,lacy@belmont.com
349,Van,Leanen,573-365-0319,573-365-1055,van@leanen.com
350,Mayme,Staub,908-234-9338,908-234-9433,mayme@staub.com
351,Gregg,Guevarra,910-799-9811,910-799-1965,gregg@guevarra.com
352,Minh,Leclare,641-582-0973,641-582-0424,minh@leclare.com
353,Joey,Sedore,661-273-4188,661-273-6263,joey@sedore.com
354,Jeanie,Dalen,215-788-5062,215-788-7666,jeanie@dalen.com
355,Eddie,Gauer,515-233-2381,515-233-6551,eddie@gauer.com
356,Jessie,Barkle,325-677-1190,325-677-2343,jessie@barkle.com
357,Deandre,Resendiz,208-733-8306,208-733-3476,deandre@resendiz.com
358,Janet,Rathrock,815-877-4376,815-877-9538,janet@rathrock.com
359,Denice,Nordlinger,915-593-2344,915-593-8069,denice@nordlinger.com
360,Danny,Dales,602-225-9543,602-225-9028,danny@dales.com
361,Robbie,Deshay,916-372-5032,916-372-1333,robbie@deshay.com
362,Carla,Humble,818-768-0662,818-768-1832,carla@humble.com
363,Ashley,Leonesio,212-227-3681,212-227-4343,ashley@leonesio.com
364,Josephine,Sotlar,202-783-2772,202-783-8805,josephine@sotlar.com
365,Derek,Kreutzbender,414-271-5253,414-271-6234,derek@kreutzbender.com
366,Kira,Staffon,808-949-0941,808-949-8257,kira@staffon.com
367,Isaac,Davensizer,808-544-5794,808-544-6357,isaac@davensizer.com
368,Reva,Bayer,206-634-9998,206-634-2589,reva@bayer.com
369,Melvin,Auteri,617-247-8022,617-247-6002,melvin@auteri.com
370,Stephen,Seiters,817-947-3102,817-947-6272,stephen@seiters.com
371,Lucas,Santellana,602-225-3469,602-225-8897,lucas@santellana.com
372,Traci,Toomey,307-733-9708,307-733-6525,traci@toomey.com
373,Vernice,Resendes,818-768-6234,818-768-7585,vernice@resendes.com
374,Hillary,Holmes,530-626-1934,530-626-6128,hillary@holmes.com
375,Robin,Schartz,530-477-9983,530-477-7396,robin@schartz.com
376,Sabrina,Deppert,602-954-4343,602-954-6266,sabrina@deppert.com
377,Luciano,Truiolo,626-792-6850,626-792-5166,luciano@truiolo.com
378,Ezekiel,Mildon,617-494-5618,617-494-3365,ezekiel@mildon.com
379,Hanna,Cinkan,305-477-7869,305-477-7089,hanna@cinkan.com
380,Kory,Wooldridge,312-753-6734,312-753-2693,kory@wooldridge.com
381,Darrel,Ruffins,727-821-8502,727-821-5104,darrel@ruffins.com
382,Miranda,Hammitt,956-541-5918,956-541-9021,miranda@hammitt.com
383,Sadie,Rowlett,718-365-1753,718-365-5353,sadie@rowlett.com
384,Deanna,Gerbi,201-433-0391,201-433-3619,deanna@gerbi.com
385,Alfonso,Griglen,419-634-3513,419-634-5733,alfonso@griglen.com
386,Vernon,Engelman,920-748-1387,920-748-3703,vernon@engelman.com
387,Johnnie,Rheaves,714-632-1291,714-632-7337,johnnie@rheaves.com
388,Ella,Pahnke,830-367-8513,830-367-9231,ella@pahnke.com
389,Veronica,Achorn,915-772-3217,915-772-2346,veronica@achorn.com
390,Kasey,Nguyen,303-440-3916,303-440-2452,kasey@nguyen.com
391,Frankie,Morein,203-975-3712,203-975-4688,frankie@morein.com
392,Elaine,Renzi,212-826-7966,212-826-2043,elaine@renzi.com
393,Timothy,Janski,907-344-4330,907-344-4086,timothy@janski.com
394,Warren,Hacher,325-691-7220,325-691-7394,warren@hacher.com
395,Brant,Darnel,440-974-8416,440-974-7476,brant@darnel.com
396,Mara,Rineheart,610-262-2444,610-262-6836,mara@rineheart.com
397,Karen,Flierl,512-477-1826,512-477-1407,karen@flierl.com
398,Virgil,Chinni,808-841-9811,808-841-9646,virgil@chinni.com
399,Jimmie,Kertzman,808-841-2883,808-841-1772,jimmie@kertzman.com
400,Leif,Bachta,808-682-8942,808-682-2789,leif@bachta.com
401,Ione,Kucera,808-671-5253,808-671-3048,ione@kucera.com
402,Doreen,Sakurai,212-759-4757,212-759-7548,doreen@sakurai.com
403,Joel,Nardo,561-395-2277,561-395-7825,joel@nardo.com
404,Neil,Backus,212-537-4955,212-537-1181,neil@backus.com
405,Fausto,Marks,617-451-9353,617-451-2136,fausto@marks.com
406,Christa,Bodenschatz,217-443-6280,217-443-6382,christa@bodenschatz.com
407,Chi,Greenlaw,480-946-1537,480-946-1657,chi@greenlaw.com
408,Kyle,Ferri,907-272-2216,907-272-7109,kyle@ferri.com
409,Freida,Michelfelder,404-521-3372,404-521-3223,freida@michelfelder.com
410,Bryant,Bouliouris,307-733-8286,307-733-6041,bryant@bouliouris.com
411,Emilia,Oxley,214-702-8125,214-702-4766,emilia@oxley.com
412,Naomi,Mcraven,425-641-5463,425-641-5923,naomi@mcraven.com
413,Dionne,Borycz,301-294-0154,301-294-7523,dionne@borycz.com
414,Jimmy,Hrobsky,858-268-4663,858-268-4964,jimmy@hrobsky.com
415,Peggy,Hohlstein,413-543-2933,413-543-3805,peggy@hohlstein.com
416,Genevieve,Kekiwi,812-477-3620,812-477-3646,genevieve@kekiwi.com
417,Terra,Plagge,812-477-9524,812-477-9617,terra@plagge.com
418,Allie,Pumphrey,812-477-0753,812-477-4604,allie@pumphrey.com
419,Katina,Survant,208-587-3734,208-587-5574,katina@survant.com
420,Marta,Warran,509-735-8388,509-735-9193,marta@warran.com
421,Rebekah,Lindboe,972-556-1121,972-556-0801,rebekah@lindboe.com
422,Roxie,Varenhorst,614-487-2917,614-487-4227,roxie@varenhorst.com
423,Kennith,Peto,770-455-4277,770-455-6746,kennith@peto.com
424,Darrell,Amrich,919-362-8201,919-362-7475,darrell@amrich.com
425,Savannah,Loffier,918-337-3201,918-337-4947,savannah@loffier.com
426,Martin,Carley,828-586-3914,828-586-8059,martin@carley.com
427,Lacy,Hyten,609-683-3558,609-683-0649,lacy@hyten.com
428,Forest,Orea,773-436-4531,773-436-2636,forest@orea.com
429,Courtney,Shishido,907-279-2737,907-279-2025,courtney@shishido.com
430,Annette,Frietas,212-944-8670,212-944-9464,annette@frietas.com
431,Karyn,Jinks,972-289-4090,972-289-3319,karyn@jinks.com
432,Edwin,Lavelli,330-385-4581,330-385-9959,edwin@lavelli.com
433,Jimmie,Barninger,209-525-7568,209-525-4389,jimmie@barninger.com
434,Merle,Wyrosdick,732-938-7301,732-938-7237,merle@wyrosdick.com
435,Amelia,Caputo,907-456-1748,907-456-7535,amelia@caputo.com
436,Germaine,Bruski,907-456-8225,907-456-9261,germaine@bruski.com
437,Willa,Dutt,907-456-2885,907-456-2187,willa@dutt.com
438,Cherie,Fuhri,907-456-9072,907-456-8467,cherie@fuhri.com
439,Tyron,Quillman,703-354-9266,703-354-2554,tyron@quillman.com
440,Charity,Dyckman,907-349-9880,907-349-4449,charity@dyckman.com
441,Nanette,Turansky,610-250-6188,610-250-4334,nanette@turansky.com
442,Cherie,Schronce,818-718-2001,818-718-7339,cherie@schronce.com
443,Theron,Hambright,616-392-2074,616-392-0226,theron@hambright.com
444,Laurie,Bibbs,505-881-2899,505-881-3771,laurie@bibbs.com
445,Angelo,Ferentz,323-262-5047,323-262-8693,angelo@ferentz.com
446,Denver,Topete,858-457-3538,858-457-0465,denver@topete.com
447,Tommie,Reuland,818-361-4035,818-361-7493,tommie@reuland.com
448,Delmer,Delucas,716-874-1439,716-874-3467,delmer@delucas.com
449,Latisha,Bahls,513-784-5007,513-784-5275,latisha@bahls.com
450,Simone,Lundie,215-732-9026,215-732-8257,simone@lundie.com
451,Ross,Spurger,618-453-9968,618-453-6144,ross@spurger.com
452,Abel,Tuter,610-370-6549,610-370-0856,abel@tuter.com
453,Beverley,Bunche,305-591-4141,305-591-7751,beverley@bunche.com
454,Lizzie,Torregrossa,508-997-1409,508-997-9846,lizzie@torregrossa.com
455,Tia,Neumaier,407-660-7426,407-660-7628,tia@neumaier.com
456,Lesa,Chantry,215-923-0136,215-923-9492,lesa@chantry.com
457,Marcelo,Arostegui,417-336-9702,417-336-2664,marcelo@arostegui.com
458,Jimmie,Hardgrove,212-980-0445,212-980-6914,jimmie@hardgrove.com
459,Renae,Eldrige,585-591-3118,585-591-9104,renae@eldrige.com
460,Tisha,Gorder,312-642-2897,312-642-2664,tisha@gorder.com
461,Clarice,Knower,773-846-1489,773-846-1462,clarice@knower.com
462,Sybil,Marmerchant,717-845-4718,717-845-4736,sybil@marmerchant.com
463,Floyd,Veazey,323-862-9133,323-862-5589,floyd@veazey.com
464,Reyna,Bangle,516-627-8715,516-627-9033,reyna@bangle.com
465,Owen,Sparacino,901-324-9274,901-324-4381,owen@sparacino.com
466,Eli,Bettner,509-689-7964,509-689-1394,eli@bettner.com
467,Taylor,Fogerty,303-465-0070,303-465-2109,taylor@fogerty.com
468,Reva,Lecates,904-261-0604,904-261-2123,reva@lecates.com
469,Rodrigo,Wildrick,727-323-5060,727-323-5982,rodrigo@wildrick.com
470,George,Tukis,229-924-0263,229-924-4251,george@tukis.com
471,Titus,Rodreguez,858-571-0819,858-571-9047,titus@rodreguez.com
472,Emilio,Lampkin,856-629-8933,856-629-3337,emilio@lampkin.com
473,Maryjane,Arata,775-352-5822,775-352-1557,maryjane@arata.com
474,Marcie,Shulz,210-524-6711,210-524-1693,marcie@shulz.com
475,Celia,Slavin,773-256-3550,773-256-2162,celia@slavin.com
476,Suzette,Devaughan,201-342-8964,201-342-9862,suzette@devaughan.com
477,Christian,Marnell,937-293-9728,937-293-6782,christian@marnell.com
478,Misty,Ericksen,509-235-8873,509-235-1856,misty@ericksen.com
479,Bert,Schadle,817-921-5560,817-921-5913,bert@schadle.com
480,Bertram,Quertermous,302-655-8039,302-655-4522,bertram@quertermous.com
481,Buster,Wubbel,215-943-3689,215-943-6049,buster@wubbel.com
482,Mildred,Gallegas,302-792-8044,302-792-1282,mildred@gallegas.com
483,Pat,Hoshaw,610-644-7836,610-644-3252,pat@hoshaw.com
484,Marshall,Hutch,724-225-1729,724-225-7064,marshall@hutch.com
485,Don,Mestler,609-737-2033,609-737-2374,don@mestler.com
486,Emery,Reek,912-635-3866,912-635-4039,emery@reek.com
487,Ray,Srock,480-585-6138,480-585-4983,ray@srock.com
488,Nickolas,Khosravi,949-646-6578,949-646-0043,nickolas@khosravi.com
489,Aileen,Mottern,201-944-1664,201-944-3382,aileen@mottern.com
490,Chad,Araiza,715-359-8700,715-359-3579,chad@araiza.com
491,Beverly,Cambel,907-272-3953,907-272-3618,beverly@cambel.com
492,Janice,Twiet,909-874-6739,909-874-2594,janice@twiet.com
493,Byron,Fortuna,406-549-8320,406-549-4641,byron@fortuna.com
494,Lynette,Setlock,216-566-2265,216-566-2299,lynette@setlock.com
495,Willard,Roughen,817-265-1847,817-265-0322,willard@roughen.com
496,Elisa,Gracely,718-627-1421,718-627-9346,elisa@gracely.com
497,Jeri,Farstvedt,818-986-8843,818-986-6786,jeri@farstvedt.com
498,Stacey,Blow,909-874-0274,909-874-8538,stacey@blow.com
499,Bryan,Rovell,201-939-2788,201-939-9079,bryan@rovell.com
500,Joey,Bolick,405-728-5972,405-728-5244,joey@bolick.com